source,type,Question in English,Question in Dagbani,Question (Dagbani),Answer (Dagbani),Question (English),Answer (English),Personal pronouns (Dagbani),Personal pronoun (English),Negation (Dagbani),Negation (English),Dagbani,English,line_index,content,Singular,Plural,Translation,Day,Dagbaŋ Month,English Month,Dagbanli,Alternative/Plural
https://learndagbani.org/courses/learn-dagbanli/?unit=unit-2&lesson=01-present-continuous,table_row,Who?,ŋuni?,,,,,,,,,,,,,,,,,,,,
https://learndagbani.org/courses/learn-dagbanli/?unit=unit-2&lesson=01-present-continuous,table_row,What?,Bo?,,,,,,,,,,,,,,,,,,,,
https://learndagbani.org/courses/learn-dagbanli/?unit=unit-2&lesson=01-present-continuous,table_row,Where?,Ya?,,,,,,,,,,,,,,,,,,,,
https://learndagbani.org/courses/learn-dagbanli/?unit=unit-2&lesson=01-present-continuous,table_row,,,Bo ka a niŋda?,N guurimi,What are you doing?,I am running,,,,,,,,,,,,,,,,
https://learndagbani.org/courses/learn-dagbanli/?unit=unit-2&lesson=01-present-continuous,table_row,,,Bo ka bia maa niŋda?,Bia maa dirila bindirigu,What is the child doing?,The child is eating food,,,,,,,,,,,,,,,,
https://learndagbani.org/courses/learn-dagbanli/?unit=unit-2&lesson=01-present-continuous,table_row,,,Bo ka paɣa maa niŋda?,Paɣa maa bohindila Dagbani,What is the woman doing?,The woman is learning Dagbani,,,,,,,,,,,,,,,,
https://learndagbani.org/courses/learn-dagbanli/?unit=unit-2&lesson=01-present-continuous,table_row,,,,,,,n,I,N bi,I do not/ I am not,,,,,,,,,,,,
https://learndagbani.org/courses/learn-dagbanli/?unit=unit-2&lesson=01-present-continuous,table_row,,,,,,,a,You,A bi,You do not/ You are not,,,,,,,,,,,,
https://learndagbani.org/courses/learn-dagbanli/?unit=unit-2&lesson=01-present-continuous,table_row,,,,,,,o,He/She/It,O bi,He/She/It does not / He/She/It is not,,,,,,,,,,,,
https://learndagbani.org/courses/learn-dagbanli/?unit=unit-2&lesson=01-present-continuous,table_row,,,,,,,bi,They,Bi bi,They do not/ They are not,,,,,,,,,,,,
https://learndagbani.org/courses/learn-dagbanli/?unit=unit-2&lesson=01-present-continuous,table_row,,,,,,,ti,We,Ti Bi,We do not/ We are not,,,,,,,,,,,,
https://learndagbani.org/courses/learn-dagbanli/?unit=unit-2&lesson=01-present-continuous,table_row,,,,,,,,,,,N bi zaya. N ʒimi.,I am not standing. I am sitting.,,,,,,,,,,
https://learndagbani.org/courses/learn-dagbanli/?unit=unit-2&lesson=01-present-continuous,table_row,,,,,,,,,,,A bi dira. A nyurimi.,You are not eating. You are drinking.,,,,,,,,,,
https://learndagbani.org/courses/learn-dagbanli/?unit=unit-2&lesson=01-present-continuous,table_row,,,,,,,,,,,O bi kuhira. O larimi.,He/She/It is not crying. He/She/It is laughing.,,,,,,,,,,
https://learndagbani.org/courses/learn-dagbanli/?unit=unit-2&lesson=01-present-continuous,table_row,,,,,,,,,,,Bɛ bi chana. Bɛ guurimi.,They are not walking. They are running.,,,,,,,,,,
https://learndagbani.org/courses/learn-dagbanli/?unit=unit-2&lesson=01-present-continuous,table_row,,,,,,,,,,,Ti bi karinda. Ti warimi.,We are not learning. We are dancing.,,,,,,,,,,
https://learndagbani.org/courses/learn-dagbanli/?unit=unit-2&lesson=01-present-continuous,raw_text_line,,,,,,,,,,,,,0.0,Learn Dagbanli (Dagbanli Bↄhimbu),,,,,,,,
https://learndagbani.org/courses/learn-dagbanli/?unit=unit-2&lesson=01-present-continuous,raw_text_line,,,,,,,,,,,,,1.0,Present Continuous in Dagbani,,,,,,,,
https://learndagbani.org/courses/learn-dagbanli/?unit=unit-2&lesson=01-present-continuous,raw_text_line,,,,,,,,,,,,,2.0,Mark Complete,,,,,,,,
https://learndagbani.org/courses/learn-dagbanli/?unit=unit-2&lesson=01-present-continuous,raw_text_line,,,,,,,,,,,,,3.0,"In English, the present continuous combines the present tense of be with the -ing form of a verb: e.g. I am working, She is running.",,,,,,,,
https://learndagbani.org/courses/learn-dagbanli/?unit=unit-2&lesson=01-present-continuous,raw_text_line,,,,,,,,,,,,,4.0,"In Dagbani, the present continuous is formed by adding ra, na, or ta to the present tense verb (when used without objects):",,,,,,,,
https://learndagbani.org/courses/learn-dagbanli/?unit=unit-2&lesson=01-present-continuous,raw_text_line,,,,,,,,,,,,,5.0,O chana - He/She is walking - (Verb is Chama),,,,,,,,
https://learndagbani.org/courses/learn-dagbanli/?unit=unit-2&lesson=01-present-continuous,raw_text_line,,,,,,,,,,,,,6.0,Bi dara - They are buying - (Verb is Da),,,,,,,,
https://learndagbani.org/courses/learn-dagbanli/?unit=unit-2&lesson=01-present-continuous,raw_text_line,,,,,,,,,,,,,7.0,O birta - He/She is sowing - (Verb is Biri),,,,,,,,
https://learndagbani.org/courses/learn-dagbanli/?unit=unit-2&lesson=01-present-continuous,raw_text_line,,,,,,,,,,,,,8.0,"When used with objects, we get the forms -di, -ti, -ni and -ri:",,,,,,,,
https://learndagbani.org/courses/learn-dagbanli/?unit=unit-2&lesson=01-present-continuous,raw_text_line,,,,,,,,,,,,,9.0,O damdi zim = He/She/It is stiring flour,,,,,,,,
https://learndagbani.org/courses/learn-dagbanli/?unit=unit-2&lesson=01-present-continuous,raw_text_line,,,,,,,,,,,,,10.0,O diri saɣim = He/She/It is eating tuo zaafi,,,,,,,,
https://learndagbani.org/courses/learn-dagbanli/?unit=unit-2&lesson=01-present-continuous,raw_text_line,,,,,,,,,,,,,11.0,Bi chani daa = They are going to the market,,,,,,,,
https://learndagbani.org/courses/learn-dagbanli/?unit=unit-2&lesson=01-present-continuous,raw_text_line,,,,,,,,,,,,,12.0,"The endings -imi, -mi or -rimi can also indicate present continuous tense in daily usage.",,,,,,,,
https://learndagbani.org/courses/learn-dagbanli/?unit=unit-2&lesson=01-present-continuous,raw_text_line,,,,,,,,,,,,,13.0,Questions,,,,,,,,
https://learndagbani.org/courses/learn-dagbanli/?unit=unit-2&lesson=01-present-continuous,raw_text_line,,,,,,,,,,,,,14.0,Question in English Question in Dagbani,,,,,,,,
https://learndagbani.org/courses/learn-dagbanli/?unit=unit-2&lesson=01-present-continuous,raw_text_line,,,,,,,,,,,,,15.0,Who? ŋuni?,,,,,,,,
https://learndagbani.org/courses/learn-dagbanli/?unit=unit-2&lesson=01-present-continuous,raw_text_line,,,,,,,,,,,,,16.0,What? Bo?,,,,,,,,
https://learndagbani.org/courses/learn-dagbanli/?unit=unit-2&lesson=01-present-continuous,raw_text_line,,,,,,,,,,,,,17.0,Where? Ya?,,,,,,,,
https://learndagbani.org/courses/learn-dagbanli/?unit=unit-2&lesson=01-present-continuous,raw_text_line,,,,,,,,,,,,,18.0,Asking Questions About What's Happening in The Moment,,,,,,,,
https://learndagbani.org/courses/learn-dagbanli/?unit=unit-2&lesson=01-present-continuous,raw_text_line,,,,,,,,,,,,,19.0,Question (Dagbani) Answer (Dagbani) Question (English) Answer (English),,,,,,,,
https://learndagbani.org/courses/learn-dagbanli/?unit=unit-2&lesson=01-present-continuous,raw_text_line,,,,,,,,,,,,,20.0,Bo ka a niŋda? N guurimi What are you doing? I am running,,,,,,,,
https://learndagbani.org/courses/learn-dagbanli/?unit=unit-2&lesson=01-present-continuous,raw_text_line,,,,,,,,,,,,,21.0,Bo ka bia maa niŋda? Bia maa dirila bindirigu What is the child doing? The child is eating food,,,,,,,,
https://learndagbani.org/courses/learn-dagbanli/?unit=unit-2&lesson=01-present-continuous,raw_text_line,,,,,,,,,,,,,22.0,Bo ka paɣa maa niŋda? Paɣa maa bohindila Dagbani What is the woman doing? The woman is learning Dagbani,,,,,,,,
https://learndagbani.org/courses/learn-dagbanli/?unit=unit-2&lesson=01-present-continuous,raw_text_line,,,,,,,,,,,,,23.0,A Conversation,,,,,,,,
https://learndagbani.org/courses/learn-dagbanli/?unit=unit-2&lesson=01-present-continuous,raw_text_line,,,,,,,,,,,,,24.0,Dagbani,,,,,,,,
https://learndagbani.org/courses/learn-dagbanli/?unit=unit-2&lesson=01-present-continuous,raw_text_line,,,,,,,,,,,,,25.0,Me: Dasiba Kataali.,,,,,,,,
https://learndagbani.org/courses/learn-dagbanli/?unit=unit-2&lesson=01-present-continuous,raw_text_line,,,,,,,,,,,,,26.0,"You: Nnaa, Timtooni.",,,,,,,,
https://learndagbani.org/courses/learn-dagbanli/?unit=unit-2&lesson=01-present-continuous,raw_text_line,,,,,,,,,,,,,27.0,Me: A chɛnla shikuru?,,,,,,,,
https://learndagbani.org/courses/learn-dagbanli/?unit=unit-2&lesson=01-present-continuous,raw_text_line,,,,,,,,,,,,,28.0,"You: Aayi, n bi chɛni shikuru.",,,,,,,,
https://learndagbani.org/courses/learn-dagbanli/?unit=unit-2&lesson=01-present-continuous,raw_text_line,,,,,,,,,,,,,29.0,Me: Ka ya ka a chana?,,,,,,,,
https://learndagbani.org/courses/learn-dagbanli/?unit=unit-2&lesson=01-present-continuous,raw_text_line,,,,,,,,,,,,,30.0,You: N chɛnla tuma ni.,,,,,,,,
https://learndagbani.org/courses/learn-dagbanli/?unit=unit-2&lesson=01-present-continuous,raw_text_line,,,,,,,,,,,,,31.0,Me: Tuma ni? A pa tumdila tuma?,,,,,,,,
https://learndagbani.org/courses/learn-dagbanli/?unit=unit-2&lesson=01-present-continuous,raw_text_line,,,,,,,,,,,,,32.0,"You: iin, n pa tumdila tuma.",,,,,,,,
https://learndagbani.org/courses/learn-dagbanli/?unit=unit-2&lesson=01-present-continuous,raw_text_line,,,,,,,,,,,,,33.0,English,,,,,,,,
https://learndagbani.org/courses/learn-dagbanli/?unit=unit-2&lesson=01-present-continuous,raw_text_line,,,,,,,,,,,,,34.0,Me: Good morning Kataali.,,,,,,,,
https://learndagbani.org/courses/learn-dagbanli/?unit=unit-2&lesson=01-present-continuous,raw_text_line,,,,,,,,,,,,,35.0,"You: Greetings, Timtooni.",,,,,,,,
https://learndagbani.org/courses/learn-dagbanli/?unit=unit-2&lesson=01-present-continuous,raw_text_line,,,,,,,,,,,,,36.0,Me: Are you going to school?,,,,,,,,
https://learndagbani.org/courses/learn-dagbanli/?unit=unit-2&lesson=01-present-continuous,raw_text_line,,,,,,,,,,,,,37.0,"You: No, I am not going to school.",,,,,,,,
https://learndagbani.org/courses/learn-dagbanli/?unit=unit-2&lesson=01-present-continuous,raw_text_line,,,,,,,,,,,,,38.0,Me: Then where are you going?,,,,,,,,
https://learndagbani.org/courses/learn-dagbanli/?unit=unit-2&lesson=01-present-continuous,raw_text_line,,,,,,,,,,,,,39.0,You: I am going to work,,,,,,,,
https://learndagbani.org/courses/learn-dagbanli/?unit=unit-2&lesson=01-present-continuous,raw_text_line,,,,,,,,,,,,,40.0,Me: Work place? You now work?,,,,,,,,
https://learndagbani.org/courses/learn-dagbanli/?unit=unit-2&lesson=01-present-continuous,raw_text_line,,,,,,,,,,,,,41.0,"You: Yes, I now work",,,,,,,,
https://learndagbani.org/courses/learn-dagbanli/?unit=unit-2&lesson=01-present-continuous,raw_text_line,,,,,,,,,,,,,42.0,Present Continuous - Negative,,,,,,,,
https://learndagbani.org/courses/learn-dagbanli/?unit=unit-2&lesson=01-present-continuous,raw_text_line,,,,,,,,,,,,,43.0,"To give a negative response, add bi before the continuous verb. Example: N bi guura = I am not running",,,,,,,,
https://learndagbani.org/courses/learn-dagbanli/?unit=unit-2&lesson=01-present-continuous,raw_text_line,,,,,,,,,,,,,44.0,Personal pronouns (Dagbani) Personal pronoun (English) Negation (Dagbani) Negation (English),,,,,,,,
https://learndagbani.org/courses/learn-dagbanli/?unit=unit-2&lesson=01-present-continuous,raw_text_line,,,,,,,,,,,,,45.0,n I N bi I do not/ I am not,,,,,,,,
https://learndagbani.org/courses/learn-dagbanli/?unit=unit-2&lesson=01-present-continuous,raw_text_line,,,,,,,,,,,,,46.0,a You A bi You do not/ You are not,,,,,,,,
https://learndagbani.org/courses/learn-dagbanli/?unit=unit-2&lesson=01-present-continuous,raw_text_line,,,,,,,,,,,,,47.0,o He/She/It O bi He/She/It does not / He/She/It is not,,,,,,,,
https://learndagbani.org/courses/learn-dagbanli/?unit=unit-2&lesson=01-present-continuous,raw_text_line,,,,,,,,,,,,,48.0,bi They Bi bi They do not/ They are not,,,,,,,,
https://learndagbani.org/courses/learn-dagbanli/?unit=unit-2&lesson=01-present-continuous,raw_text_line,,,,,,,,,,,,,49.0,ti We Ti Bi We do not/ We are not,,,,,,,,
https://learndagbani.org/courses/learn-dagbanli/?unit=unit-2&lesson=01-present-continuous,raw_text_line,,,,,,,,,,,,,50.0,Examples:,,,,,,,,
https://learndagbani.org/courses/learn-dagbanli/?unit=unit-2&lesson=01-present-continuous,raw_text_line,,,,,,,,,,,,,51.0,Dagbani English,,,,,,,,
https://learndagbani.org/courses/learn-dagbanli/?unit=unit-2&lesson=01-present-continuous,raw_text_line,,,,,,,,,,,,,52.0,N bi zaya. N ʒimi. I am not standing. I am sitting.,,,,,,,,
https://learndagbani.org/courses/learn-dagbanli/?unit=unit-2&lesson=01-present-continuous,raw_text_line,,,,,,,,,,,,,53.0,A bi dira. A nyurimi. You are not eating. You are drinking.,,,,,,,,
https://learndagbani.org/courses/learn-dagbanli/?unit=unit-2&lesson=01-present-continuous,raw_text_line,,,,,,,,,,,,,54.0,O bi kuhira. O larimi. He/She/It is not crying. He/She/It is laughing.,,,,,,,,
https://learndagbani.org/courses/learn-dagbanli/?unit=unit-2&lesson=01-present-continuous,raw_text_line,,,,,,,,,,,,,55.0,Bɛ bi chana. Bɛ guurimi. They are not walking. They are running.,,,,,,,,
https://learndagbani.org/courses/learn-dagbanli/?unit=unit-2&lesson=01-present-continuous,raw_text_line,,,,,,,,,,,,,56.0,Ti bi karinda. Ti warimi. We are not learning. We are dancing.,,,,,,,,
https://learndagbani.org/courses/learn-dagbanli/?unit=unit-2&lesson=01-present-continuous,raw_text_line,,,,,,,,,,,,,57.0,Glossary,,,,,,,,
https://learndagbani.org/courses/learn-dagbanli/?unit=unit-2&lesson=01-present-continuous,raw_text_line,,,,,,,,,,,,,58.0,"Special characters: ɛ, ɣ, ŋ, ɔ, and ʒ",,,,,,,,
https://learndagbani.org/courses/learn-dagbanli/?unit=unit-2&lesson=01-present-continuous,raw_text_line,,,,,,,,,,,,,59.0,Guurimi = running,,,,,,,,
https://learndagbani.org/courses/learn-dagbanli/?unit=unit-2&lesson=01-present-continuous,raw_text_line,,,,,,,,,,,,,60.0,Niŋda = doing,,,,,,,,
https://learndagbani.org/courses/learn-dagbanli/?unit=unit-2&lesson=01-present-continuous,raw_text_line,,,,,,,,,,,,,61.0,Bindirigu = food,,,,,,,,
https://learndagbani.org/courses/learn-dagbanli/?unit=unit-2&lesson=01-present-continuous,raw_text_line,,,,,,,,,,,,,62.0,Bia = child,,,,,,,,
https://learndagbani.org/courses/learn-dagbanli/?unit=unit-2&lesson=01-present-continuous,raw_text_line,,,,,,,,,,,,,63.0,Dirila = eating,,,,,,,,
https://learndagbani.org/courses/learn-dagbanli/?unit=unit-2&lesson=01-present-continuous,raw_text_line,,,,,,,,,,,,,64.0,Bɔhim = learn,,,,,,,,
https://learndagbani.org/courses/learn-dagbanli/?unit=unit-2&lesson=01-present-continuous,raw_text_line,,,,,,,,,,,,,65.0,Bɔhindila = learning,,,,,,,,
https://learndagbani.org/courses/learn-dagbanli/?unit=unit-2&lesson=01-present-continuous,raw_text_line,,,,,,,,,,,,,66.0,paɣa = woman,,,,,,,,
https://learndagbani.org/courses/learn-dagbanli/?unit=unit-2&lesson=01-present-continuous,raw_text_line,,,,,,,,,,,,,67.0,Tuma = work,,,,,,,,
https://learndagbani.org/courses/learn-dagbanli/?unit=unit-2&lesson=01-present-continuous,raw_text_line,,,,,,,,,,,,,68.0,Tumdila = working,,,,,,,,
https://learndagbani.org/courses/learn-dagbanli/?unit=unit-2&lesson=01-present-continuous,raw_text_line,,,,,,,,,,,,,69.0,Chanila = going,,,,,,,,
https://learndagbani.org/courses/learn-dagbanli/?unit=unit-2&lesson=01-present-continuous,raw_text_line,,,,,,,,,,,,,70.0,Shikuru = school,,,,,,,,
https://learndagbani.org/courses/learn-dagbanli/?unit=unit-2&lesson=01-present-continuous,raw_text_line,,,,,,,,,,,,,71.0,iin = yes,,,,,,,,
https://learndagbani.org/courses/learn-dagbanli/?unit=unit-2&lesson=01-present-continuous,raw_text_line,,,,,,,,,,,,,72.0,Aayi = No,,,,,,,,
https://learndagbani.org/courses/learn-dagbanli/?unit=unit-2&lesson=01-present-continuous,raw_text_line,,,,,,,,,,,,,73.0,Lesson by: Mandeeya,,,,,,,,
https://learndagbani.org/courses/learn-dagbanli/?unit=unit-2&lesson=02-colours-in-dagbani,table_row,,,,,,,,,,,ʒee,Red,,,,,,,,,,
https://learndagbani.org/courses/learn-dagbanli/?unit=unit-2&lesson=02-colours-in-dagbani,table_row,,,,,,,,,,,Vakahili/Baŋkɔm,Green,,,,,,,,,,
https://learndagbani.org/courses/learn-dagbanli/?unit=unit-2&lesson=02-colours-in-dagbani,table_row,,,,,,,,,,,Dozim,Yellow,,,,,,,,,,
https://learndagbani.org/courses/learn-dagbanli/?unit=unit-2&lesson=02-colours-in-dagbani,table_row,,,,,,,,,,,Sabinli,Black,,,,,,,,,,
https://learndagbani.org/courses/learn-dagbanli/?unit=unit-2&lesson=02-colours-in-dagbani,table_row,,,,,,,,,,,Piɛlli,White,,,,,,,,,,
https://learndagbani.org/courses/learn-dagbanli/?unit=unit-2&lesson=02-colours-in-dagbani,table_row,,,,,,,,,,,Tankpaɣu,Brown,,,,,,,,,,
https://learndagbani.org/courses/learn-dagbanli/?unit=unit-2&lesson=02-colours-in-dagbani,table_row,,,,,,,,,,,Nuɣiso,Blue,,,,,,,,,,
https://learndagbani.org/courses/learn-dagbanli/?unit=unit-2&lesson=02-colours-in-dagbani,table_row,,,,,,,,,,,Tampilim,Grey,,,,,,,,,,
https://learndagbani.org/courses/learn-dagbanli/?unit=unit-2&lesson=02-colours-in-dagbani,raw_text_line,,,,,,,,,,,,,0.0,Learn Dagbanli (Dagbanli Bↄhimbu),,,,,,,,
https://learndagbani.org/courses/learn-dagbanli/?unit=unit-2&lesson=02-colours-in-dagbani,raw_text_line,,,,,,,,,,,,,1.0,Colours in Dagbanli,,,,,,,,
https://learndagbani.org/courses/learn-dagbanli/?unit=unit-2&lesson=02-colours-in-dagbani,raw_text_line,,,,,,,,,,,,,2.0,Mark Complete,,,,,,,,
https://learndagbani.org/courses/learn-dagbanli/?unit=unit-2&lesson=02-colours-in-dagbani,raw_text_line,,,,,,,,,,,,,3.0,English Dagbani,,,,,,,,
https://learndagbani.org/courses/learn-dagbanli/?unit=unit-2&lesson=02-colours-in-dagbani,raw_text_line,,,,,,,,,,,,,4.0,Red ʒee,,,,,,,,
https://learndagbani.org/courses/learn-dagbanli/?unit=unit-2&lesson=02-colours-in-dagbani,raw_text_line,,,,,,,,,,,,,5.0,Green Vakahili/Baŋkɔm,,,,,,,,
https://learndagbani.org/courses/learn-dagbanli/?unit=unit-2&lesson=02-colours-in-dagbani,raw_text_line,,,,,,,,,,,,,6.0,Yellow Dozim,,,,,,,,
https://learndagbani.org/courses/learn-dagbanli/?unit=unit-2&lesson=02-colours-in-dagbani,raw_text_line,,,,,,,,,,,,,7.0,Black Sabinli,,,,,,,,
https://learndagbani.org/courses/learn-dagbanli/?unit=unit-2&lesson=02-colours-in-dagbani,raw_text_line,,,,,,,,,,,,,8.0,White Piɛlli,,,,,,,,
https://learndagbani.org/courses/learn-dagbanli/?unit=unit-2&lesson=02-colours-in-dagbani,raw_text_line,,,,,,,,,,,,,9.0,Brown Tankpaɣu,,,,,,,,
https://learndagbani.org/courses/learn-dagbanli/?unit=unit-2&lesson=02-colours-in-dagbani,raw_text_line,,,,,,,,,,,,,10.0,Blue Nuɣiso,,,,,,,,
https://learndagbani.org/courses/learn-dagbanli/?unit=unit-2&lesson=02-colours-in-dagbani,raw_text_line,,,,,,,,,,,,,11.0,Grey Tampilim,,,,,,,,
https://learndagbani.org/courses/learn-dagbanli/?unit=unit-2&lesson=02-colours-in-dagbani,raw_text_line,,,,,,,,,,,,,12.0,Lesson by: Feruza Yehuza,,,,,,,,
https://learndagbani.org/courses/learn-dagbanli/?unit=unit-2&lesson=02-colours-in-dagbani,raw_text_line,,,,,,,,,,,,,13.0,Video by: Mohammed-Hanif Abdulai,,,,,,,,
https://learndagbani.org/courses/learn-dagbanli/?unit=unit-2&lesson=03-everyday-nouns-part-2-nouns-at-school,table_row,,,,,,,,,,,,,,,shikuru,shikuriti,school,,,,,
https://learndagbani.org/courses/learn-dagbanli/?unit=unit-2&lesson=03-everyday-nouns-part-2-nouns-at-school,table_row,,,,,,,,,,,,,,,karinzɔŋ,karinzɔndi,school,,,,,
https://learndagbani.org/courses/learn-dagbanli/?unit=unit-2&lesson=03-everyday-nouns-part-2-nouns-at-school,table_row,,,,,,,,,,,,,,,karinduu,karinduri,classroom,,,,,
https://learndagbani.org/courses/learn-dagbanli/?unit=unit-2&lesson=03-everyday-nouns-part-2-nouns-at-school,table_row,,,,,,,,,,,,,,,karimba,karimbanima,teacher,,,,,
https://learndagbani.org/courses/learn-dagbanli/?unit=unit-2&lesson=03-everyday-nouns-part-2-nouns-at-school,table_row,,,,,,,,,,,,,,,tuuta,tuutanima,flag,,,,,
https://learndagbani.org/courses/learn-dagbanli/?unit=unit-2&lesson=03-everyday-nouns-part-2-nouns-at-school,table_row,,,,,,,,,,,,,,,tia,tihi,tree,,,,,
https://learndagbani.org/courses/learn-dagbanli/?unit=unit-2&lesson=03-everyday-nouns-part-2-nouns-at-school,table_row,,,,,,,,,,,,,,,shikurubila,shikurubihi,student/pupil,,,,,
https://learndagbani.org/courses/learn-dagbanli/?unit=unit-2&lesson=03-everyday-nouns-part-2-nouns-at-school,table_row,,,,,,,,,,,,,,,karimbia,karimbihi,student/pupil,,,,,
https://learndagbani.org/courses/learn-dagbanli/?unit=unit-2&lesson=03-everyday-nouns-part-2-nouns-at-school,table_row,,,,,,,,,,,,,,,sambani,sambana,compound,,,,,
https://learndagbani.org/courses/learn-dagbanli/?unit=unit-2&lesson=03-everyday-nouns-part-2-nouns-at-school,table_row,,,,,,,,,,,,,,,kuɣa,kuɣisi,chair,,,,,
https://learndagbani.org/courses/learn-dagbanli/?unit=unit-2&lesson=03-everyday-nouns-part-2-nouns-at-school,table_row,,,,,,,,,,,,,,,teebuli,teebuya/teebulinima,table,,,,,
https://learndagbani.org/courses/learn-dagbanli/?unit=unit-2&lesson=03-everyday-nouns-part-2-nouns-at-school,table_row,,,,,,,,,,,,,,,buku,bukunima,book,,,,,
https://learndagbani.org/courses/learn-dagbanli/?unit=unit-2&lesson=03-everyday-nouns-part-2-nouns-at-school,table_row,,,,,,,,,,,,,,,kundi,kundinima,textbook,,,,,
https://learndagbani.org/courses/learn-dagbanli/?unit=unit-2&lesson=03-everyday-nouns-part-2-nouns-at-school,table_row,,,,,,,,,,,,,,,kɔba,kɔbanima,cupboard,,,,,
https://learndagbani.org/courses/learn-dagbanli/?unit=unit-2&lesson=03-everyday-nouns-part-2-nouns-at-school,table_row,,,,,,,,,,,,,,,chɔɣki,chɔɣkinima,chalk,,,,,
https://learndagbani.org/courses/learn-dagbanli/?unit=unit-2&lesson=03-everyday-nouns-part-2-nouns-at-school,table_row,,,,,,,,,,,,,,,dukpinsabinli,dukpinsabila,blackboard,,,,,
https://learndagbani.org/courses/learn-dagbanli/?unit=unit-2&lesson=03-everyday-nouns-part-2-nouns-at-school,table_row,,,,,,,,,,,,,,,agogo,agogonima,clock,,,,,
https://learndagbani.org/courses/learn-dagbanli/?unit=unit-2&lesson=03-everyday-nouns-part-2-nouns-at-school,raw_text_line,,,,,,,,,,,,,0.0,Learn Dagbanli (Dagbanli Bↄhimbu),,,,,,,,
https://learndagbani.org/courses/learn-dagbanli/?unit=unit-2&lesson=03-everyday-nouns-part-2-nouns-at-school,raw_text_line,,,,,,,,,,,,,1.0,Everyday Nouns (Part 2) – Nouns At School,,,,,,,,
https://learndagbani.org/courses/learn-dagbanli/?unit=unit-2&lesson=03-everyday-nouns-part-2-nouns-at-school,raw_text_line,,,,,,,,,,,,,2.0,Mark Complete,,,,,,,,
https://learndagbani.org/courses/learn-dagbanli/?unit=unit-2&lesson=03-everyday-nouns-part-2-nouns-at-school,raw_text_line,,,,,,,,,,,,,3.0,Common School Terms,,,,,,,,
https://learndagbani.org/courses/learn-dagbanli/?unit=unit-2&lesson=03-everyday-nouns-part-2-nouns-at-school,raw_text_line,,,,,,,,,,,,,4.0,Singular Plural Translation,,,,,,,,
https://learndagbani.org/courses/learn-dagbanli/?unit=unit-2&lesson=03-everyday-nouns-part-2-nouns-at-school,raw_text_line,,,,,,,,,,,,,5.0,shikuru shikuriti school,,,,,,,,
https://learndagbani.org/courses/learn-dagbanli/?unit=unit-2&lesson=03-everyday-nouns-part-2-nouns-at-school,raw_text_line,,,,,,,,,,,,,6.0,karinzɔŋ karinzɔndi school,,,,,,,,
https://learndagbani.org/courses/learn-dagbanli/?unit=unit-2&lesson=03-everyday-nouns-part-2-nouns-at-school,raw_text_line,,,,,,,,,,,,,7.0,karinduu karinduri classroom,,,,,,,,
https://learndagbani.org/courses/learn-dagbanli/?unit=unit-2&lesson=03-everyday-nouns-part-2-nouns-at-school,raw_text_line,,,,,,,,,,,,,8.0,karimba karimbanima teacher,,,,,,,,
https://learndagbani.org/courses/learn-dagbanli/?unit=unit-2&lesson=03-everyday-nouns-part-2-nouns-at-school,raw_text_line,,,,,,,,,,,,,9.0,tuuta tuutanima flag,,,,,,,,
https://learndagbani.org/courses/learn-dagbanli/?unit=unit-2&lesson=03-everyday-nouns-part-2-nouns-at-school,raw_text_line,,,,,,,,,,,,,10.0,tia tihi tree,,,,,,,,
https://learndagbani.org/courses/learn-dagbanli/?unit=unit-2&lesson=03-everyday-nouns-part-2-nouns-at-school,raw_text_line,,,,,,,,,,,,,11.0,shikurubila shikurubihi student/pupil,,,,,,,,
https://learndagbani.org/courses/learn-dagbanli/?unit=unit-2&lesson=03-everyday-nouns-part-2-nouns-at-school,raw_text_line,,,,,,,,,,,,,12.0,karimbia karimbihi student/pupil,,,,,,,,
https://learndagbani.org/courses/learn-dagbanli/?unit=unit-2&lesson=03-everyday-nouns-part-2-nouns-at-school,raw_text_line,,,,,,,,,,,,,13.0,sambani sambana compound,,,,,,,,
https://learndagbani.org/courses/learn-dagbanli/?unit=unit-2&lesson=03-everyday-nouns-part-2-nouns-at-school,raw_text_line,,,,,,,,,,,,,14.0,Items In The Classroom,,,,,,,,
https://learndagbani.org/courses/learn-dagbanli/?unit=unit-2&lesson=03-everyday-nouns-part-2-nouns-at-school,raw_text_line,,,,,,,,,,,,,15.0,Singular Plural Translation,,,,,,,,
https://learndagbani.org/courses/learn-dagbanli/?unit=unit-2&lesson=03-everyday-nouns-part-2-nouns-at-school,raw_text_line,,,,,,,,,,,,,16.0,kuɣa kuɣisi chair,,,,,,,,
https://learndagbani.org/courses/learn-dagbanli/?unit=unit-2&lesson=03-everyday-nouns-part-2-nouns-at-school,raw_text_line,,,,,,,,,,,,,17.0,teebuli teebuya/teebulinima table,,,,,,,,
https://learndagbani.org/courses/learn-dagbanli/?unit=unit-2&lesson=03-everyday-nouns-part-2-nouns-at-school,raw_text_line,,,,,,,,,,,,,18.0,buku bukunima book,,,,,,,,
https://learndagbani.org/courses/learn-dagbanli/?unit=unit-2&lesson=03-everyday-nouns-part-2-nouns-at-school,raw_text_line,,,,,,,,,,,,,19.0,kundi kundinima textbook,,,,,,,,
https://learndagbani.org/courses/learn-dagbanli/?unit=unit-2&lesson=03-everyday-nouns-part-2-nouns-at-school,raw_text_line,,,,,,,,,,,,,20.0,kɔba kɔbanima cupboard,,,,,,,,
https://learndagbani.org/courses/learn-dagbanli/?unit=unit-2&lesson=03-everyday-nouns-part-2-nouns-at-school,raw_text_line,,,,,,,,,,,,,21.0,chɔɣki chɔɣkinima chalk,,,,,,,,
https://learndagbani.org/courses/learn-dagbanli/?unit=unit-2&lesson=03-everyday-nouns-part-2-nouns-at-school,raw_text_line,,,,,,,,,,,,,22.0,dukpinsabinli dukpinsabila blackboard,,,,,,,,
https://learndagbani.org/courses/learn-dagbanli/?unit=unit-2&lesson=03-everyday-nouns-part-2-nouns-at-school,raw_text_line,,,,,,,,,,,,,23.0,agogo agogonima clock,,,,,,,,
https://learndagbani.org/courses/learn-dagbanli/?unit=unit-2&lesson=03-everyday-nouns-part-2-nouns-at-school,raw_text_line,,,,,,,,,,,,,24.0,Lesson by: Osman,,,,,,,,
https://learndagbani.org/courses/learn-dagbanli/?unit=unit-2&lesson=03-everyday-nouns-part-2-nouns-at-school,raw_text_line,,,,,,,,,,,,,25.0,"Reference: Adam, P. P. (2013). Dagbani an Introductory Course for Beginners. Koforidua: Pedaddo Ventures.",,,,,,,,
https://learndagbani.org/courses/learn-dagbanli/?unit=unit-2&lesson=04-days-of-the-week,table_row,,,,,,,,,,,,,,,,,Monday,Atani,,,,
https://learndagbani.org/courses/learn-dagbanli/?unit=unit-2&lesson=04-days-of-the-week,table_row,,,,,,,,,,,,,,,,,Tuesday,Atalaata,,,,
https://learndagbani.org/courses/learn-dagbanli/?unit=unit-2&lesson=04-days-of-the-week,table_row,,,,,,,,,,,,,,,,,Wednesday,Alaaba,,,,
https://learndagbani.org/courses/learn-dagbanli/?unit=unit-2&lesson=04-days-of-the-week,table_row,,,,,,,,,,,,,,,,,Thursday,Alaamishi,,,,
https://learndagbani.org/courses/learn-dagbanli/?unit=unit-2&lesson=04-days-of-the-week,table_row,,,,,,,,,,,,,,,,,Friday,Alizumma,,,,
https://learndagbani.org/courses/learn-dagbanli/?unit=unit-2&lesson=04-days-of-the-week,table_row,,,,,,,,,,,,,,,,,Saturday,Asibiri,,,,
https://learndagbani.org/courses/learn-dagbanli/?unit=unit-2&lesson=04-days-of-the-week,table_row,,,,,,,,,,,,,,,,,Sunday,Alahiri,,,,
https://learndagbani.org/courses/learn-dagbanli/?unit=unit-2&lesson=04-days-of-the-week,raw_text_line,,,,,,,,,,,,,0.0,Learn Dagbanli (Dagbanli Bↄhimbu),,,,,,,,
https://learndagbani.org/courses/learn-dagbanli/?unit=unit-2&lesson=04-days-of-the-week,raw_text_line,,,,,,,,,,,,,1.0,Days Of The Week,,,,,,,,
https://learndagbani.org/courses/learn-dagbanli/?unit=unit-2&lesson=04-days-of-the-week,raw_text_line,,,,,,,,,,,,,2.0,Mark Complete,,,,,,,,
https://learndagbani.org/courses/learn-dagbanli/?unit=unit-2&lesson=04-days-of-the-week,raw_text_line,,,,,,,,,,,,,3.0,"Dagombas observe 5 days in a week, and the week starts on Monday. This is due to the western adoption of work days starting on Monday, however, the concept of work weeks did not originally exist in Dagbani culture and people chose days to rest as required based on market days and preparation for harvests.",,,,,,,,
https://learndagbani.org/courses/learn-dagbanli/?unit=unit-2&lesson=04-days-of-the-week,raw_text_line,,,,,,,,,,,,,4.0,Days,,,,,,,,
https://learndagbani.org/courses/learn-dagbanli/?unit=unit-2&lesson=04-days-of-the-week,raw_text_line,,,,,,,,,,,,,5.0,Day Translation,,,,,,,,
https://learndagbani.org/courses/learn-dagbanli/?unit=unit-2&lesson=04-days-of-the-week,raw_text_line,,,,,,,,,,,,,6.0,Atani Monday,,,,,,,,
https://learndagbani.org/courses/learn-dagbanli/?unit=unit-2&lesson=04-days-of-the-week,raw_text_line,,,,,,,,,,,,,7.0,Atalaata Tuesday,,,,,,,,
https://learndagbani.org/courses/learn-dagbanli/?unit=unit-2&lesson=04-days-of-the-week,raw_text_line,,,,,,,,,,,,,8.0,Alaaba Wednesday,,,,,,,,
https://learndagbani.org/courses/learn-dagbanli/?unit=unit-2&lesson=04-days-of-the-week,raw_text_line,,,,,,,,,,,,,9.0,Alaamishi Thursday,,,,,,,,
https://learndagbani.org/courses/learn-dagbanli/?unit=unit-2&lesson=04-days-of-the-week,raw_text_line,,,,,,,,,,,,,10.0,Alizumma Friday,,,,,,,,
https://learndagbani.org/courses/learn-dagbanli/?unit=unit-2&lesson=04-days-of-the-week,raw_text_line,,,,,,,,,,,,,11.0,Asibiri Saturday,,,,,,,,
https://learndagbani.org/courses/learn-dagbanli/?unit=unit-2&lesson=04-days-of-the-week,raw_text_line,,,,,,,,,,,,,12.0,Alahiri Sunday,,,,,,,,
https://learndagbani.org/courses/learn-dagbanli/?unit=unit-2&lesson=04-days-of-the-week,raw_text_line,,,,,,,,,,,,,13.0,Lesson by: Mandeeya,,,,,,,,
https://learndagbani.org/courses/learn-dagbanli/?unit=unit-2&lesson=05-dagban-chira-seasons-in-dagbani,table_row,,,,,,,,,,,,,,,,,,,Buɣim,January,,
https://learndagbani.org/courses/learn-dagbanli/?unit=unit-2&lesson=05-dagban-chira-seasons-in-dagbani,table_row,,,,,,,,,,,,,,,,,,,Dambabilaa,February,,
https://learndagbani.org/courses/learn-dagbanli/?unit=unit-2&lesson=05-dagban-chira-seasons-in-dagbani,table_row,,,,,,,,,,,,,,,,,,,Damba,March,,
https://learndagbani.org/courses/learn-dagbanli/?unit=unit-2&lesson=05-dagban-chira-seasons-in-dagbani,table_row,,,,,,,,,,,,,,,,,,,Gaambanda,April,,
https://learndagbani.org/courses/learn-dagbanli/?unit=unit-2&lesson=05-dagban-chira-seasons-in-dagbani,table_row,,,,,,,,,,,,,,,,,,,Bandachena,May,,
https://learndagbani.org/courses/learn-dagbanli/?unit=unit-2&lesson=05-dagban-chira-seasons-in-dagbani,table_row,,,,,,,,,,,,,,,,,,,Kpinibilaa,June,,
https://learndagbani.org/courses/learn-dagbanli/?unit=unit-2&lesson=05-dagban-chira-seasons-in-dagbani,table_row,,,,,,,,,,,,,,,,,,,Kpini,July,,
https://learndagbani.org/courses/learn-dagbanli/?unit=unit-2&lesson=05-dagban-chira-seasons-in-dagbani,table_row,,,,,,,,,,,,,,,,,,,Nolɔribilaa,August,,
https://learndagbani.org/courses/learn-dagbanli/?unit=unit-2&lesson=05-dagban-chira-seasons-in-dagbani,table_row,,,,,,,,,,,,,,,,,,,Nolɔri,September,,
https://learndagbani.org/courses/learn-dagbanli/?unit=unit-2&lesson=05-dagban-chira-seasons-in-dagbani,table_row,,,,,,,,,,,,,,,,,,,Konyuri chuɣu,October,,
https://learndagbani.org/courses/learn-dagbanli/?unit=unit-2&lesson=05-dagban-chira-seasons-in-dagbani,table_row,,,,,,,,,,,,,,,,,,,Chimsibilaa,November,,
https://learndagbani.org/courses/learn-dagbanli/?unit=unit-2&lesson=05-dagban-chira-seasons-in-dagbani,table_row,,,,,,,,,,,,,,,,,,,Chimsi,December,,
https://learndagbani.org/courses/learn-dagbanli/?unit=unit-2&lesson=05-dagban-chira-seasons-in-dagbani,raw_text_line,,,,,,,,,,,,,0.0,Learn Dagbanli (Dagbanli Bↄhimbu),,,,,,,,
https://learndagbani.org/courses/learn-dagbanli/?unit=unit-2&lesson=05-dagban-chira-seasons-in-dagbani,raw_text_line,,,,,,,,,,,,,1.0,Dagbaŋ Chira – Months/Seasons In Dagbanli,,,,,,,,
https://learndagbani.org/courses/learn-dagbanli/?unit=unit-2&lesson=05-dagban-chira-seasons-in-dagbani,raw_text_line,,,,,,,,,,,,,2.0,Mark Complete,,,,,,,,
https://learndagbani.org/courses/learn-dagbanli/?unit=unit-2&lesson=05-dagban-chira-seasons-in-dagbani,raw_text_line,,,,,,,,,,,,,3.0,Dabisa pia ni ayi n bɛ Dagbaŋ goya ni. N nyɛ din nyɛ shɛli,,,,,,,,
https://learndagbani.org/courses/learn-dagbanli/?unit=unit-2&lesson=05-dagban-chira-seasons-in-dagbani,raw_text_line,,,,,,,,,,,,,4.0,(There are 12 months in the Dagbaŋ calendar and they are as follows):,,,,,,,,
https://learndagbani.org/courses/learn-dagbanli/?unit=unit-2&lesson=05-dagban-chira-seasons-in-dagbani,raw_text_line,,,,,,,,,,,,,5.0,Dagbaŋ Month English Month,,,,,,,,
https://learndagbani.org/courses/learn-dagbanli/?unit=unit-2&lesson=05-dagban-chira-seasons-in-dagbani,raw_text_line,,,,,,,,,,,,,6.0,Buɣim January,,,,,,,,
https://learndagbani.org/courses/learn-dagbanli/?unit=unit-2&lesson=05-dagban-chira-seasons-in-dagbani,raw_text_line,,,,,,,,,,,,,7.0,Dambabilaa February,,,,,,,,
https://learndagbani.org/courses/learn-dagbanli/?unit=unit-2&lesson=05-dagban-chira-seasons-in-dagbani,raw_text_line,,,,,,,,,,,,,8.0,Damba March,,,,,,,,
https://learndagbani.org/courses/learn-dagbanli/?unit=unit-2&lesson=05-dagban-chira-seasons-in-dagbani,raw_text_line,,,,,,,,,,,,,9.0,Gaambanda April,,,,,,,,
https://learndagbani.org/courses/learn-dagbanli/?unit=unit-2&lesson=05-dagban-chira-seasons-in-dagbani,raw_text_line,,,,,,,,,,,,,10.0,Bandachena May,,,,,,,,
https://learndagbani.org/courses/learn-dagbanli/?unit=unit-2&lesson=05-dagban-chira-seasons-in-dagbani,raw_text_line,,,,,,,,,,,,,11.0,Kpinibilaa June,,,,,,,,
https://learndagbani.org/courses/learn-dagbanli/?unit=unit-2&lesson=05-dagban-chira-seasons-in-dagbani,raw_text_line,,,,,,,,,,,,,12.0,Kpini July,,,,,,,,
https://learndagbani.org/courses/learn-dagbanli/?unit=unit-2&lesson=05-dagban-chira-seasons-in-dagbani,raw_text_line,,,,,,,,,,,,,13.0,Nolɔribilaa August,,,,,,,,
https://learndagbani.org/courses/learn-dagbanli/?unit=unit-2&lesson=05-dagban-chira-seasons-in-dagbani,raw_text_line,,,,,,,,,,,,,14.0,Nolɔri September,,,,,,,,
https://learndagbani.org/courses/learn-dagbanli/?unit=unit-2&lesson=05-dagban-chira-seasons-in-dagbani,raw_text_line,,,,,,,,,,,,,15.0,Konyuri chuɣu October,,,,,,,,
https://learndagbani.org/courses/learn-dagbanli/?unit=unit-2&lesson=05-dagban-chira-seasons-in-dagbani,raw_text_line,,,,,,,,,,,,,16.0,Chimsibilaa November,,,,,,,,
https://learndagbani.org/courses/learn-dagbanli/?unit=unit-2&lesson=05-dagban-chira-seasons-in-dagbani,raw_text_line,,,,,,,,,,,,,17.0,Chimsi December,,,,,,,,
https://learndagbani.org/courses/learn-dagbanli/?unit=unit-2&lesson=05-dagban-chira-seasons-in-dagbani,raw_text_line,,,,,,,,,,,,,18.0,Want to help explain the meaning of each month? Reach out to contribute below. Thank you!,,,,,,,,
https://learndagbani.org/courses/learn-dagbanli/?unit=unit-2&lesson=06-dagbanli-binw%C9%94la-fruits-in-dagbanli,table_row,,,,,,,,,,,,Pineapple,,,,,,,,,Alaafei,
https://learndagbani.org/courses/learn-dagbanli/?unit=unit-2&lesson=06-dagbanli-binw%C9%94la-fruits-in-dagbanli,table_row,,,,,,,,,,,,Orange,,,,,,,,,Leimu,
https://learndagbani.org/courses/learn-dagbanli/?unit=unit-2&lesson=06-dagbanli-binw%C9%94la-fruits-in-dagbanli,table_row,,,,,,,,,,,,Pawpaw,,,,,,,,,Gonda,
https://learndagbani.org/courses/learn-dagbanli/?unit=unit-2&lesson=06-dagbanli-binw%C9%94la-fruits-in-dagbanli,table_row,,,,,,,,,,,,Mango,,,,,,,,,Moongu,
https://learndagbani.org/courses/learn-dagbanli/?unit=unit-2&lesson=06-dagbanli-binw%C9%94la-fruits-in-dagbanli,table_row,,,,,,,,,,,,Black berry,,,,,,,,,ŋarima,
https://learndagbani.org/courses/learn-dagbanli/?unit=unit-2&lesson=06-dagbanli-binw%C9%94la-fruits-in-dagbanli,table_row,,,,,,,,,,,,Grapes,,,,,,,,,Sinsaba,
https://learndagbani.org/courses/learn-dagbanli/?unit=unit-2&lesson=06-dagbanli-binw%C9%94la-fruits-in-dagbanli,table_row,,,,,,,,,,,,Baobab,,,,,,,,,Chuɣu,
https://learndagbani.org/courses/learn-dagbanli/?unit=unit-2&lesson=06-dagbanli-binw%C9%94la-fruits-in-dagbanli,table_row,,,,,,,,,,,,Shea Nut,,,,,,,,,Tama,
https://learndagbani.org/courses/learn-dagbanli/?unit=unit-2&lesson=06-dagbanli-binw%C9%94la-fruits-in-dagbanli,table_row,,,,,,,,,,,,Guava,,,,,,,,,Guabɛ,
https://learndagbani.org/courses/learn-dagbanli/?unit=unit-2&lesson=06-dagbanli-binw%C9%94la-fruits-in-dagbanli,table_row,,,,,,,,,,,,Dawadawa,,,,,,,,,Dori,
https://learndagbani.org/courses/learn-dagbanli/?unit=unit-2&lesson=06-dagbanli-binw%C9%94la-fruits-in-dagbanli,table_row,,,,,,,,,,,,Lime/Lemon,,,,,,,,,Nyumsa,
https://learndagbani.org/courses/learn-dagbanli/?unit=unit-2&lesson=06-dagbanli-binw%C9%94la-fruits-in-dagbanli,table_row,,,,,,,,,,,,Watermelon,,,,,,,,,Yɔɣuli,
https://learndagbani.org/courses/learn-dagbanli/?unit=unit-2&lesson=06-dagbanli-binw%C9%94la-fruits-in-dagbanli,table_row,,,,,,,,,,,,Banana,,,,,,,,,Kodu,
https://learndagbani.org/courses/learn-dagbanli/?unit=unit-2&lesson=06-dagbanli-binw%C9%94la-fruits-in-dagbanli,table_row,,,,,,,,,,,,Pear,,,,,,,,,Paya,
https://learndagbani.org/courses/learn-dagbanli/?unit=unit-2&lesson=06-dagbanli-binw%C9%94la-fruits-in-dagbanli,table_row,,,,,,,,,,,,Dates,,,,,,,,,Dobino,
https://learndagbani.org/courses/learn-dagbanli/?unit=unit-2&lesson=06-dagbanli-binw%C9%94la-fruits-in-dagbanli,table_row,,,,,,,,,,,,Sugarcane,,,,,,,,,Dakanda,
https://learndagbani.org/courses/learn-dagbanli/?unit=unit-2&lesson=06-dagbanli-binw%C9%94la-fruits-in-dagbanli,raw_text_line,,,,,,,,,,,,,0.0,Learn Dagbanli (Dagbanli Bↄhimbu),,,,,,,,
https://learndagbani.org/courses/learn-dagbanli/?unit=unit-2&lesson=06-dagbanli-binw%C9%94la-fruits-in-dagbanli,raw_text_line,,,,,,,,,,,,,1.0,Dagbanli BinwƆla – Fruits in Dagbanli,,,,,,,,
https://learndagbani.org/courses/learn-dagbanli/?unit=unit-2&lesson=06-dagbanli-binw%C9%94la-fruits-in-dagbanli,raw_text_line,,,,,,,,,,,,,2.0,Mark Complete,,,,,,,,
https://learndagbani.org/courses/learn-dagbanli/?unit=unit-2&lesson=06-dagbanli-binw%C9%94la-fruits-in-dagbanli,raw_text_line,,,,,,,,,,,,,3.0,Common Fruits in Dagbanli,,,,,,,,
https://learndagbani.org/courses/learn-dagbanli/?unit=unit-2&lesson=06-dagbanli-binw%C9%94la-fruits-in-dagbanli,raw_text_line,,,,,,,,,,,,,4.0,English Dagbanli,,,,,,,,
https://learndagbani.org/courses/learn-dagbanli/?unit=unit-2&lesson=06-dagbanli-binw%C9%94la-fruits-in-dagbanli,raw_text_line,,,,,,,,,,,,,5.0,Pineapple Alaafei,,,,,,,,
https://learndagbani.org/courses/learn-dagbanli/?unit=unit-2&lesson=06-dagbanli-binw%C9%94la-fruits-in-dagbanli,raw_text_line,,,,,,,,,,,,,6.0,Orange Leimu,,,,,,,,
https://learndagbani.org/courses/learn-dagbanli/?unit=unit-2&lesson=06-dagbanli-binw%C9%94la-fruits-in-dagbanli,raw_text_line,,,,,,,,,,,,,7.0,Pawpaw Gonda,,,,,,,,
https://learndagbani.org/courses/learn-dagbanli/?unit=unit-2&lesson=06-dagbanli-binw%C9%94la-fruits-in-dagbanli,raw_text_line,,,,,,,,,,,,,8.0,Mango Moongu,,,,,,,,
https://learndagbani.org/courses/learn-dagbanli/?unit=unit-2&lesson=06-dagbanli-binw%C9%94la-fruits-in-dagbanli,raw_text_line,,,,,,,,,,,,,9.0,Black berry ŋarima,,,,,,,,
https://learndagbani.org/courses/learn-dagbanli/?unit=unit-2&lesson=06-dagbanli-binw%C9%94la-fruits-in-dagbanli,raw_text_line,,,,,,,,,,,,,10.0,Grapes Sinsaba,,,,,,,,
https://learndagbani.org/courses/learn-dagbanli/?unit=unit-2&lesson=06-dagbanli-binw%C9%94la-fruits-in-dagbanli,raw_text_line,,,,,,,,,,,,,11.0,Baobab Chuɣu,,,,,,,,
https://learndagbani.org/courses/learn-dagbanli/?unit=unit-2&lesson=06-dagbanli-binw%C9%94la-fruits-in-dagbanli,raw_text_line,,,,,,,,,,,,,12.0,Shea Nut Tama,,,,,,,,
https://learndagbani.org/courses/learn-dagbanli/?unit=unit-2&lesson=06-dagbanli-binw%C9%94la-fruits-in-dagbanli,raw_text_line,,,,,,,,,,,,,13.0,Guava Guabɛ,,,,,,,,
https://learndagbani.org/courses/learn-dagbanli/?unit=unit-2&lesson=06-dagbanli-binw%C9%94la-fruits-in-dagbanli,raw_text_line,,,,,,,,,,,,,14.0,Dawadawa Dori,,,,,,,,
https://learndagbani.org/courses/learn-dagbanli/?unit=unit-2&lesson=06-dagbanli-binw%C9%94la-fruits-in-dagbanli,raw_text_line,,,,,,,,,,,,,15.0,Lime/Lemon Nyumsa,,,,,,,,
https://learndagbani.org/courses/learn-dagbanli/?unit=unit-2&lesson=06-dagbanli-binw%C9%94la-fruits-in-dagbanli,raw_text_line,,,,,,,,,,,,,16.0,Watermelon Yɔɣuli,,,,,,,,
https://learndagbani.org/courses/learn-dagbanli/?unit=unit-2&lesson=06-dagbanli-binw%C9%94la-fruits-in-dagbanli,raw_text_line,,,,,,,,,,,,,17.0,Banana Kodu,,,,,,,,
https://learndagbani.org/courses/learn-dagbanli/?unit=unit-2&lesson=06-dagbanli-binw%C9%94la-fruits-in-dagbanli,raw_text_line,,,,,,,,,,,,,18.0,Pear Paya,,,,,,,,
https://learndagbani.org/courses/learn-dagbanli/?unit=unit-2&lesson=06-dagbanli-binw%C9%94la-fruits-in-dagbanli,raw_text_line,,,,,,,,,,,,,19.0,Dates Dobino,,,,,,,,
https://learndagbani.org/courses/learn-dagbanli/?unit=unit-2&lesson=06-dagbanli-binw%C9%94la-fruits-in-dagbanli,raw_text_line,,,,,,,,,,,,,20.0,Sugarcane Dakanda,,,,,,,,
https://learndagbani.org/courses/learn-dagbanli/?unit=unit-2&lesson=06-dagbanli-binw%C9%94la-fruits-in-dagbanli,raw_text_line,,,,,,,,,,,,,21.0,Lesson by: Zainab Mohammed-Sani,,,,,,,,
https://learndagbani.org/courses/learn-dagbanli/?unit=unit-3&lesson=01-telling-the-time-in-dagbani,table_row,,,,,,,,,,,,morning,,,,,,,,,asiba,
https://learndagbani.org/courses/learn-dagbanli/?unit=unit-3&lesson=01-telling-the-time-in-dagbani,table_row,,,,,,,,,,,,in the afternoon,,,,,,,,,wuntaŋa ni,
https://learndagbani.org/courses/learn-dagbanli/?unit=unit-3&lesson=01-telling-the-time-in-dagbani,table_row,,,,,,,,,,,,evening,,,,,,,,,zaawuni,
https://learndagbani.org/courses/learn-dagbanli/?unit=unit-3&lesson=01-telling-the-time-in-dagbani,table_row,,,,,,,,,,,,night,,,,,,,,,yuŋ,
https://learndagbani.org/courses/learn-dagbanli/?unit=unit-3&lesson=01-telling-the-time-in-dagbani,table_row,,,,,,,,,,,,minute,,,,,,,,,minti,
https://learndagbani.org/courses/learn-dagbanli/?unit=unit-3&lesson=01-telling-the-time-in-dagbani,table_row,,,,,,,,,,,,hour,,,,,,,,,hawa,
https://learndagbani.org/courses/learn-dagbanli/?unit=unit-3&lesson=01-telling-the-time-in-dagbani,table_row,,,,,,,,,,,,strike,,,,,,,,,ŋme,
https://learndagbani.org/courses/learn-dagbanli/?unit=unit-3&lesson=01-telling-the-time-in-dagbani,table_row,,,,,,,,,,,,and half,,,,,,,,,ni pirigili,
https://learndagbani.org/courses/learn-dagbanli/?unit=unit-3&lesson=01-telling-the-time-in-dagbani,table_row,,,,,,,,,,,,past,,,,,,,,,yaɣi,
https://learndagbani.org/courses/learn-dagbanli/?unit=unit-3&lesson=01-telling-the-time-in-dagbani,table_row,,,,,,,,,,,,few moments,,,,,,,,,che,
https://learndagbani.org/courses/learn-dagbanli/?unit=unit-3&lesson=01-telling-the-time-in-dagbani,table_row,,,,,,,,,,,,in a few moments,,,,,,,,,di che biɛla,
https://learndagbani.org/courses/learn-dagbanli/?unit=unit-3&lesson=01-telling-the-time-in-dagbani,table_row,,,,,,,,,,,,one o' clock,,,,,,,,,kurigu yini,
https://learndagbani.org/courses/learn-dagbanli/?unit=unit-3&lesson=01-telling-the-time-in-dagbani,table_row,,,,,,,,,,,,two o' clock,,,,,,,,,kurigu ayi,
https://learndagbani.org/courses/learn-dagbanli/?unit=unit-3&lesson=01-telling-the-time-in-dagbani,table_row,,,,,,,,,,,,three o'clock,,,,,,,,,kurigu ata,
https://learndagbani.org/courses/learn-dagbanli/?unit=unit-3&lesson=01-telling-the-time-in-dagbani,table_row,,,,,,,,,,,,four o' clock,,,,,,,,,kurigu anahi,
https://learndagbani.org/courses/learn-dagbanli/?unit=unit-3&lesson=01-telling-the-time-in-dagbani,table_row,,,,,,,,,,,,five o' clock,,,,,,,,,kurigu anu,
https://learndagbani.org/courses/learn-dagbanli/?unit=unit-3&lesson=01-telling-the-time-in-dagbani,table_row,,,,,,,,,,,,six o' clock,,,,,,,,,kurigu ayobu,
https://learndagbani.org/courses/learn-dagbanli/?unit=unit-3&lesson=01-telling-the-time-in-dagbani,table_row,,,,,,,,,,,,seven o' clock,,,,,,,,,kurigu ayopɔin,
https://learndagbani.org/courses/learn-dagbanli/?unit=unit-3&lesson=01-telling-the-time-in-dagbani,table_row,,,,,,,,,,,,eight o' clock,,,,,,,,,kurigu anii,
https://learndagbani.org/courses/learn-dagbanli/?unit=unit-3&lesson=01-telling-the-time-in-dagbani,table_row,,,,,,,,,,,,nine o' clock,,,,,,,,,kurigu awei,
https://learndagbani.org/courses/learn-dagbanli/?unit=unit-3&lesson=01-telling-the-time-in-dagbani,table_row,,,,,,,,,,,,ten o' clock,,,,,,,,,kurigu pia,
https://learndagbani.org/courses/learn-dagbanli/?unit=unit-3&lesson=01-telling-the-time-in-dagbani,table_row,,,,,,,,,,,,eleven o' clock,,,,,,,,,kurigu pia ni yini,
https://learndagbani.org/courses/learn-dagbanli/?unit=unit-3&lesson=01-telling-the-time-in-dagbani,table_row,,,,,,,,,,,,twelve o' clock,,,,,,,,,agbaa,
https://learndagbani.org/courses/learn-dagbanli/?unit=unit-3&lesson=01-telling-the-time-in-dagbani,table_row,,,,,,,,,,,,3:00 a.m,,,,,,,,,asiba kurigu ata,
https://learndagbani.org/courses/learn-dagbanli/?unit=unit-3&lesson=01-telling-the-time-in-dagbani,table_row,,,,,,,,,,,,12:00 a.m,,,,,,,,,yuŋ agbaa,
https://learndagbani.org/courses/learn-dagbanli/?unit=unit-3&lesson=01-telling-the-time-in-dagbani,table_row,,,,,,,,,,,,3:00 a.m,,,,,,,,,asiba kurigu ata,
https://learndagbani.org/courses/learn-dagbanli/?unit=unit-3&lesson=01-telling-the-time-in-dagbani,table_row,,,,,,,,,,,,1:00 p.m,,,,,,,,,wuntaŋa ni kurigu yini,
https://learndagbani.org/courses/learn-dagbanli/?unit=unit-3&lesson=01-telling-the-time-in-dagbani,table_row,,,,,,,,,,,,4:00 p.m,,,,,,,,,zaawuni kurigu anahi,
https://learndagbani.org/courses/learn-dagbanli/?unit=unit-3&lesson=01-telling-the-time-in-dagbani,table_row,,,,,,,,,,,,8:00 p.m,,,,,,,,,yuŋ kurigu anii,
https://learndagbani.org/courses/learn-dagbanli/?unit=unit-3&lesson=01-telling-the-time-in-dagbani,table_row,,,,,,,,,,,,1:30,,,,,,,,,kurigu yini yaɣi minti pihita,
https://learndagbani.org/courses/learn-dagbanli/?unit=unit-3&lesson=01-telling-the-time-in-dagbani,table_row,,,,,,,,,,,,9:30,,,,,,,,,kurigu awei yaɣi minti pihita,
https://learndagbani.org/courses/learn-dagbanli/?unit=unit-3&lesson=01-telling-the-time-in-dagbani,table_row,,,,,,,,,,,,12:30,,,,,,,,,kurigu yini che minti pihita,
https://learndagbani.org/courses/learn-dagbanli/?unit=unit-3&lesson=01-telling-the-time-in-dagbani,table_row,,,,,,,,,,,,4:30,,,,,,,,,kurigu anu che minti pihita,
https://learndagbani.org/courses/learn-dagbanli/?unit=unit-3&lesson=01-telling-the-time-in-dagbani,table_row,,,,,,,,,,,,1:05,,,,,,,,,kurigu yini yaɣi minti anu,
https://learndagbani.org/courses/learn-dagbanli/?unit=unit-3&lesson=01-telling-the-time-in-dagbani,table_row,,,,,,,,,,,,1:10,,,,,,,,,kurigu yini yaɣi minti pia,
https://learndagbani.org/courses/learn-dagbanli/?unit=unit-3&lesson=01-telling-the-time-in-dagbani,table_row,,,,,,,,,,,,3:15,,,,,,,,,kurigu ata yaɣi minti pia ni anu,
https://learndagbani.org/courses/learn-dagbanli/?unit=unit-3&lesson=01-telling-the-time-in-dagbani,table_row,,,,,,,,,,,,4:25,,,,,,,,,kurigu anahi yaɣi minti pishi ni anu,
https://learndagbani.org/courses/learn-dagbanli/?unit=unit-3&lesson=01-telling-the-time-in-dagbani,table_row,,,,,,,,,,,,1:35,,,,,,,,,kurigu ayi che minti pishi ni anu,
https://learndagbani.org/courses/learn-dagbanli/?unit=unit-3&lesson=01-telling-the-time-in-dagbani,table_row,,,,,,,,,,,,2:55,,,,,,,,,kurigu ata che minti anu,
https://learndagbani.org/courses/learn-dagbanli/?unit=unit-3&lesson=01-telling-the-time-in-dagbani,raw_text_line,,,,,,,,,,,,,0.0,Learn Dagbanli (Dagbanli Bↄhimbu),,,,,,,,
https://learndagbani.org/courses/learn-dagbanli/?unit=unit-3&lesson=01-telling-the-time-in-dagbani,raw_text_line,,,,,,,,,,,,,1.0,Telling Time in Dagbanli,,,,,,,,
https://learndagbani.org/courses/learn-dagbanli/?unit=unit-3&lesson=01-telling-the-time-in-dagbani,raw_text_line,,,,,,,,,,,,,2.0,Mark Complete,,,,,,,,
https://learndagbani.org/courses/learn-dagbanli/?unit=unit-3&lesson=01-telling-the-time-in-dagbani,raw_text_line,,,,,,,,,,,,,3.0,Introduction,,,,,,,,
https://learndagbani.org/courses/learn-dagbanli/?unit=unit-3&lesson=01-telling-the-time-in-dagbani,raw_text_line,,,,,,,,,,,,,4.0,"In this unit, we are going to learn how to tell time in Dagbani. Time can be measured by periods of the day (morning, afternoon and evening), days, weeks, a circle of market days (dakulo), months, semesters, seasons and years.",,,,,,,,
https://learndagbani.org/courses/learn-dagbanli/?unit=unit-3&lesson=01-telling-the-time-in-dagbani,raw_text_line,,,,,,,,,,,,,5.0,1. Vocabulary Connected to Time,,,,,,,,
https://learndagbani.org/courses/learn-dagbanli/?unit=unit-3&lesson=01-telling-the-time-in-dagbani,raw_text_line,,,,,,,,,,,,,6.0,Dagbanli English,,,,,,,,
https://learndagbani.org/courses/learn-dagbanli/?unit=unit-3&lesson=01-telling-the-time-in-dagbani,raw_text_line,,,,,,,,,,,,,7.0,asiba morning,,,,,,,,
https://learndagbani.org/courses/learn-dagbanli/?unit=unit-3&lesson=01-telling-the-time-in-dagbani,raw_text_line,,,,,,,,,,,,,8.0,wuntaŋa ni in the afternoon,,,,,,,,
https://learndagbani.org/courses/learn-dagbanli/?unit=unit-3&lesson=01-telling-the-time-in-dagbani,raw_text_line,,,,,,,,,,,,,9.0,zaawuni evening,,,,,,,,
https://learndagbani.org/courses/learn-dagbanli/?unit=unit-3&lesson=01-telling-the-time-in-dagbani,raw_text_line,,,,,,,,,,,,,10.0,yuŋ night,,,,,,,,
https://learndagbani.org/courses/learn-dagbanli/?unit=unit-3&lesson=01-telling-the-time-in-dagbani,raw_text_line,,,,,,,,,,,,,11.0,minti minute,,,,,,,,
https://learndagbani.org/courses/learn-dagbanli/?unit=unit-3&lesson=01-telling-the-time-in-dagbani,raw_text_line,,,,,,,,,,,,,12.0,hawa hour,,,,,,,,
https://learndagbani.org/courses/learn-dagbanli/?unit=unit-3&lesson=01-telling-the-time-in-dagbani,raw_text_line,,,,,,,,,,,,,13.0,ŋme strike,,,,,,,,
https://learndagbani.org/courses/learn-dagbanli/?unit=unit-3&lesson=01-telling-the-time-in-dagbani,raw_text_line,,,,,,,,,,,,,14.0,ni pirigili and half,,,,,,,,
https://learndagbani.org/courses/learn-dagbanli/?unit=unit-3&lesson=01-telling-the-time-in-dagbani,raw_text_line,,,,,,,,,,,,,15.0,yaɣi past,,,,,,,,
https://learndagbani.org/courses/learn-dagbanli/?unit=unit-3&lesson=01-telling-the-time-in-dagbani,raw_text_line,,,,,,,,,,,,,16.0,che few moments,,,,,,,,
https://learndagbani.org/courses/learn-dagbanli/?unit=unit-3&lesson=01-telling-the-time-in-dagbani,raw_text_line,,,,,,,,,,,,,17.0,di che biɛla in a few moments,,,,,,,,
https://learndagbani.org/courses/learn-dagbanli/?unit=unit-3&lesson=01-telling-the-time-in-dagbani,raw_text_line,,,,,,,,,,,,,18.0,Examples:,,,,,,,,
https://learndagbani.org/courses/learn-dagbanli/?unit=unit-3&lesson=01-telling-the-time-in-dagbani,raw_text_line,,,,,,,,,,,,,19.0,Di che biɛla ni kurigu ata – It's left with some few minutes to three o' clock,,,,,,,,
https://learndagbani.org/courses/learn-dagbanli/?unit=unit-3&lesson=01-telling-the-time-in-dagbani,raw_text_line,,,,,,,,,,,,,20.0,Kurigu anu yaɣi minti pishi – It is five twenty,,,,,,,,
https://learndagbani.org/courses/learn-dagbanli/?unit=unit-3&lesson=01-telling-the-time-in-dagbani,raw_text_line,,,,,,,,,,,,,21.0,2. One to Twelve Hours,,,,,,,,
https://learndagbani.org/courses/learn-dagbanli/?unit=unit-3&lesson=01-telling-the-time-in-dagbani,raw_text_line,,,,,,,,,,,,,22.0,Dagbanli English,,,,,,,,
https://learndagbani.org/courses/learn-dagbanli/?unit=unit-3&lesson=01-telling-the-time-in-dagbani,raw_text_line,,,,,,,,,,,,,23.0,kurigu yini one o' clock,,,,,,,,
https://learndagbani.org/courses/learn-dagbanli/?unit=unit-3&lesson=01-telling-the-time-in-dagbani,raw_text_line,,,,,,,,,,,,,24.0,kurigu ayi two o' clock,,,,,,,,
https://learndagbani.org/courses/learn-dagbanli/?unit=unit-3&lesson=01-telling-the-time-in-dagbani,raw_text_line,,,,,,,,,,,,,25.0,kurigu ata three o'clock,,,,,,,,
https://learndagbani.org/courses/learn-dagbanli/?unit=unit-3&lesson=01-telling-the-time-in-dagbani,raw_text_line,,,,,,,,,,,,,26.0,kurigu anahi four o' clock,,,,,,,,
https://learndagbani.org/courses/learn-dagbanli/?unit=unit-3&lesson=01-telling-the-time-in-dagbani,raw_text_line,,,,,,,,,,,,,27.0,kurigu anu five o' clock,,,,,,,,
https://learndagbani.org/courses/learn-dagbanli/?unit=unit-3&lesson=01-telling-the-time-in-dagbani,raw_text_line,,,,,,,,,,,,,28.0,kurigu ayobu six o' clock,,,,,,,,
https://learndagbani.org/courses/learn-dagbanli/?unit=unit-3&lesson=01-telling-the-time-in-dagbani,raw_text_line,,,,,,,,,,,,,29.0,kurigu ayopɔin seven o' clock,,,,,,,,
https://learndagbani.org/courses/learn-dagbanli/?unit=unit-3&lesson=01-telling-the-time-in-dagbani,raw_text_line,,,,,,,,,,,,,30.0,kurigu anii eight o' clock,,,,,,,,
https://learndagbani.org/courses/learn-dagbanli/?unit=unit-3&lesson=01-telling-the-time-in-dagbani,raw_text_line,,,,,,,,,,,,,31.0,kurigu awei nine o' clock,,,,,,,,
https://learndagbani.org/courses/learn-dagbanli/?unit=unit-3&lesson=01-telling-the-time-in-dagbani,raw_text_line,,,,,,,,,,,,,32.0,kurigu pia ten o' clock,,,,,,,,
https://learndagbani.org/courses/learn-dagbanli/?unit=unit-3&lesson=01-telling-the-time-in-dagbani,raw_text_line,,,,,,,,,,,,,33.0,kurigu pia ni yini eleven o' clock,,,,,,,,
https://learndagbani.org/courses/learn-dagbanli/?unit=unit-3&lesson=01-telling-the-time-in-dagbani,raw_text_line,,,,,,,,,,,,,34.0,agbaa twelve o' clock,,,,,,,,
https://learndagbani.org/courses/learn-dagbanli/?unit=unit-3&lesson=01-telling-the-time-in-dagbani,raw_text_line,,,,,,,,,,,,,35.0,3. Using Ante-meridian,,,,,,,,
https://learndagbani.org/courses/learn-dagbanli/?unit=unit-3&lesson=01-telling-the-time-in-dagbani,raw_text_line,,,,,,,,,,,,,36.0,Dagbanli English,,,,,,,,
https://learndagbani.org/courses/learn-dagbanli/?unit=unit-3&lesson=01-telling-the-time-in-dagbani,raw_text_line,,,,,,,,,,,,,37.0,asiba kurigu ata 3:00 a.m,,,,,,,,
https://learndagbani.org/courses/learn-dagbanli/?unit=unit-3&lesson=01-telling-the-time-in-dagbani,raw_text_line,,,,,,,,,,,,,38.0,yuŋ agbaa 12:00 a.m,,,,,,,,
https://learndagbani.org/courses/learn-dagbanli/?unit=unit-3&lesson=01-telling-the-time-in-dagbani,raw_text_line,,,,,,,,,,,,,39.0,asiba kurigu ata 3:00 a.m,,,,,,,,
https://learndagbani.org/courses/learn-dagbanli/?unit=unit-3&lesson=01-telling-the-time-in-dagbani,raw_text_line,,,,,,,,,,,,,40.0,4. Using Post Meridian,,,,,,,,
https://learndagbani.org/courses/learn-dagbanli/?unit=unit-3&lesson=01-telling-the-time-in-dagbani,raw_text_line,,,,,,,,,,,,,41.0,Dagbanli English,,,,,,,,
https://learndagbani.org/courses/learn-dagbanli/?unit=unit-3&lesson=01-telling-the-time-in-dagbani,raw_text_line,,,,,,,,,,,,,42.0,wuntaŋa ni kurigu yini 1:00 p.m,,,,,,,,
https://learndagbani.org/courses/learn-dagbanli/?unit=unit-3&lesson=01-telling-the-time-in-dagbani,raw_text_line,,,,,,,,,,,,,43.0,zaawuni kurigu anahi 4:00 p.m,,,,,,,,
https://learndagbani.org/courses/learn-dagbanli/?unit=unit-3&lesson=01-telling-the-time-in-dagbani,raw_text_line,,,,,,,,,,,,,44.0,yuŋ kurigu anii 8:00 p.m,,,,,,,,
https://learndagbani.org/courses/learn-dagbanli/?unit=unit-3&lesson=01-telling-the-time-in-dagbani,raw_text_line,,,,,,,,,,,,,45.0,"5. Expressing ""Half of an Hour""",,,,,,,,
https://learndagbani.org/courses/learn-dagbanli/?unit=unit-3&lesson=01-telling-the-time-in-dagbani,raw_text_line,,,,,,,,,,,,,46.0,Dagbanli English,,,,,,,,
https://learndagbani.org/courses/learn-dagbanli/?unit=unit-3&lesson=01-telling-the-time-in-dagbani,raw_text_line,,,,,,,,,,,,,47.0,kurigu yini yaɣi minti pihita 1:30,,,,,,,,
https://learndagbani.org/courses/learn-dagbanli/?unit=unit-3&lesson=01-telling-the-time-in-dagbani,raw_text_line,,,,,,,,,,,,,48.0,kurigu awei yaɣi minti pihita 9:30,,,,,,,,
https://learndagbani.org/courses/learn-dagbanli/?unit=unit-3&lesson=01-telling-the-time-in-dagbani,raw_text_line,,,,,,,,,,,,,49.0,kurigu yini che minti pihita 12:30,,,,,,,,
https://learndagbani.org/courses/learn-dagbanli/?unit=unit-3&lesson=01-telling-the-time-in-dagbani,raw_text_line,,,,,,,,,,,,,50.0,kurigu anu che minti pihita 4:30,,,,,,,,
https://learndagbani.org/courses/learn-dagbanli/?unit=unit-3&lesson=01-telling-the-time-in-dagbani,raw_text_line,,,,,,,,,,,,,51.0,"Unless scheduling a time for someone, the a.m or p.m is not often added. For instance, if one asks for the time, since both of them know that it is morning, afternoon or evening; the answer may be similar to those above.",,,,,,,,
https://learndagbani.org/courses/learn-dagbanli/?unit=unit-3&lesson=01-telling-the-time-in-dagbani,raw_text_line,,,,,,,,,,,,,52.0,Saha dini m-bɔŋɔ - What time is this,,,,,,,,
https://learndagbani.org/courses/learn-dagbanli/?unit=unit-3&lesson=01-telling-the-time-in-dagbani,raw_text_line,,,,,,,,,,,,,53.0,kurigu ata che minti pihita - 3:30,,,,,,,,
https://learndagbani.org/courses/learn-dagbanli/?unit=unit-3&lesson=01-telling-the-time-in-dagbani,raw_text_line,,,,,,,,,,,,,54.0,6. Other Expressions,,,,,,,,
https://learndagbani.org/courses/learn-dagbanli/?unit=unit-3&lesson=01-telling-the-time-in-dagbani,raw_text_line,,,,,,,,,,,,,55.0,Dagbanli English,,,,,,,,
https://learndagbani.org/courses/learn-dagbanli/?unit=unit-3&lesson=01-telling-the-time-in-dagbani,raw_text_line,,,,,,,,,,,,,56.0,kurigu yini yaɣi minti anu 1:05,,,,,,,,
https://learndagbani.org/courses/learn-dagbanli/?unit=unit-3&lesson=01-telling-the-time-in-dagbani,raw_text_line,,,,,,,,,,,,,57.0,kurigu yini yaɣi minti pia 1:10,,,,,,,,
https://learndagbani.org/courses/learn-dagbanli/?unit=unit-3&lesson=01-telling-the-time-in-dagbani,raw_text_line,,,,,,,,,,,,,58.0,kurigu ata yaɣi minti pia ni anu 3:15,,,,,,,,
https://learndagbani.org/courses/learn-dagbanli/?unit=unit-3&lesson=01-telling-the-time-in-dagbani,raw_text_line,,,,,,,,,,,,,59.0,kurigu anahi yaɣi minti pishi ni anu 4:25,,,,,,,,
https://learndagbani.org/courses/learn-dagbanli/?unit=unit-3&lesson=01-telling-the-time-in-dagbani,raw_text_line,,,,,,,,,,,,,60.0,kurigu ayi che minti pishi ni anu 1:35,,,,,,,,
https://learndagbani.org/courses/learn-dagbanli/?unit=unit-3&lesson=01-telling-the-time-in-dagbani,raw_text_line,,,,,,,,,,,,,61.0,kurigu ata che minti anu 2:55,,,,,,,,
https://learndagbani.org/courses/learn-dagbanli/?unit=unit-3&lesson=01-telling-the-time-in-dagbani,raw_text_line,,,,,,,,,,,,,62.0,7. Exercises,,,,,,,,
https://learndagbani.org/courses/learn-dagbanli/?unit=unit-3&lesson=01-telling-the-time-in-dagbani,raw_text_line,,,,,,,,,,,,,63.0,Read the following times in Dagbani:,,,,,,,,
https://learndagbani.org/courses/learn-dagbanli/?unit=unit-3&lesson=01-telling-the-time-in-dagbani,raw_text_line,,,,,,,,,,,,,64.0,"6:30, 5:20, 5:05, 7:55, 9:45",,,,,,,,
https://learndagbani.org/courses/learn-dagbanli/?unit=unit-3&lesson=01-telling-the-time-in-dagbani,raw_text_line,,,,,,,,,,,,,65.0,"4:20 a.m, 7:45 a.m, 8:35 a.m, 11:00 a.m, 12:00 a.m",,,,,,,,
https://learndagbani.org/courses/learn-dagbanli/?unit=unit-3&lesson=01-telling-the-time-in-dagbani,raw_text_line,,,,,,,,,,,,,66.0,"5:30 p.m, 1:25 p.m, 12:20 p.m, 12:00 p.m, 11:59 p.m",,,,,,,,
https://learndagbani.org/courses/learn-dagbanli/?unit=unit-3&lesson=01-telling-the-time-in-dagbani,raw_text_line,,,,,,,,,,,,,67.0,Lesson by: Osman,,,,,,,,
https://learndagbani.org/courses/learn-dagbanli/?unit=unit-3&lesson=01-telling-the-time-in-dagbani,raw_text_line,,,,,,,,,,,,,68.0,"Reference: Adam, P. P. (2013). Dagbani an Introductory Course for Beginners. Koforidua: Pedaddo Ventures.",,,,,,,,
https://learndagbani.org/courses/learn-dagbanli/?unit=unit-3&lesson=02-everyday-nouns-part-3-places,table_row,,,,,,,,,,,,,,,adiini,adiininima,religion,,,,,
https://learndagbani.org/courses/learn-dagbanli/?unit=unit-3&lesson=02-everyday-nouns-part-3-places,table_row,,,,,,,,,,,,,,,afa,afanima,Muslim priest/preacher,,,,,
https://learndagbani.org/courses/learn-dagbanli/?unit=unit-3&lesson=02-everyday-nouns-part-3-places,table_row,,,,,,,,,,,,,,,alepile,alepilenima,aeroplane,,,,,
https://learndagbani.org/courses/learn-dagbanli/?unit=unit-3&lesson=02-everyday-nouns-part-3-places,table_row,,,,,,,,,,,,,,,barimaana,barimaansi,begger,,,,,
https://learndagbani.org/courses/learn-dagbanli/?unit=unit-3&lesson=02-everyday-nouns-part-3-places,table_row,,,,,,,,,,,,,,,biabi,hi,child,,,,,
https://learndagbani.org/courses/learn-dagbanli/?unit=unit-3&lesson=02-everyday-nouns-part-3-places,table_row,,,,,,,,,,,,,,,bidibiga,bidibisi,boys,,,,,
https://learndagbani.org/courses/learn-dagbanli/?unit=unit-3&lesson=02-everyday-nouns-part-3-places,table_row,,,,,,,,,,,,,,,bipuɣiŋga,bipuɣinsi,girls,,,,,
https://learndagbani.org/courses/learn-dagbanli/?unit=unit-3&lesson=02-everyday-nouns-part-3-places,table_row,,,,,,,,,,,,,,,birigu,biriti,deaf person,,,,,
https://learndagbani.org/courses/learn-dagbanli/?unit=unit-3&lesson=02-everyday-nouns-part-3-places,table_row,,,,,,,,,,,,,,,buɣili,buɣa,shrine,,,,,
https://learndagbani.org/courses/learn-dagbanli/?unit=unit-3&lesson=02-everyday-nouns-part-3-places,table_row,,,,,,,,,,,,,,,bundana,bundaamba,rich person,,,,,
https://learndagbani.org/courses/learn-dagbanli/?unit=unit-3&lesson=02-everyday-nouns-part-3-places,table_row,,,,,,,,,,,,,,,cheechi duu,cheechi duri,church building,,,,,
https://learndagbani.org/courses/learn-dagbanli/?unit=unit-3&lesson=02-everyday-nouns-part-3-places,table_row,,,,,,,,,,,,,,,cheechi,cheechinima,church,,,,,
https://learndagbani.org/courses/learn-dagbanli/?unit=unit-3&lesson=02-everyday-nouns-part-3-places,table_row,,,,,,,,,,,,,,,daada,hi,market,,,,,
https://learndagbani.org/courses/learn-dagbanli/?unit=unit-3&lesson=02-everyday-nouns-part-3-places,table_row,,,,,,,,,,,,,,,dakoli,dakoya,bachelor,,,,,
https://learndagbani.org/courses/learn-dagbanli/?unit=unit-3&lesson=02-everyday-nouns-part-3-places,table_row,,,,,,,,,,,,,,,dolodolo,dolodolo,Christian,,,,,
https://learndagbani.org/courses/learn-dagbanli/?unit=unit-3&lesson=02-everyday-nouns-part-3-places,table_row,,,,,,,,,,,,,,,dooda,bba,man,,,,,
https://learndagbani.org/courses/learn-dagbanli/?unit=unit-3&lesson=02-everyday-nouns-part-3-places,table_row,,,,,,,,,,,,,,,fɔŋ,fɔndi,town,,,,,
https://learndagbani.org/courses/learn-dagbanli/?unit=unit-3&lesson=02-everyday-nouns-part-3-places,table_row,,,,,,,,,,,,,,,gbansabinli,gbansabila,blackmen,,,,,
https://learndagbani.org/courses/learn-dagbanli/?unit=unit-3&lesson=02-everyday-nouns-part-3-places,table_row,,,,,,,,,,,,,,,gbarigu,gbariti,cripple,,,,,
https://learndagbani.org/courses/learn-dagbanli/?unit=unit-3&lesson=02-everyday-nouns-part-3-places,table_row,,,,,,,,,,,,,,,gurigulana,gurigulaanima,hunchback,,,,,
https://learndagbani.org/courses/learn-dagbanli/?unit=unit-3&lesson=02-everyday-nouns-part-3-places,table_row,,,,,,,,,,,,,,,jɛrigu,jɛra,fool,,,,,
https://learndagbani.org/courses/learn-dagbanli/?unit=unit-3&lesson=02-everyday-nouns-part-3-places,table_row,,,,,,,,,,,,,,,jiŋli,jiŋa,mosque,,,,,
https://learndagbani.org/courses/learn-dagbanli/?unit=unit-3&lesson=02-everyday-nouns-part-3-places,table_row,,,,,,,,,,,,,,,kɔŋa,kɔnsi,leper,,,,,
https://learndagbani.org/courses/learn-dagbanli/?unit=unit-3&lesson=02-everyday-nouns-part-3-places,raw_text_line,,,,,,,,,,,,,0.0,Learn Dagbanli (Dagbanli Bↄhimbu),,,,,,,,
https://learndagbani.org/courses/learn-dagbanli/?unit=unit-3&lesson=02-everyday-nouns-part-3-places,raw_text_line,,,,,,,,,,,,,1.0,Everyday Nouns (Part 3),,,,,,,,
https://learndagbani.org/courses/learn-dagbanli/?unit=unit-3&lesson=02-everyday-nouns-part-3-places,raw_text_line,,,,,,,,,,,,,2.0,Mark Complete,,,,,,,,
https://learndagbani.org/courses/learn-dagbanli/?unit=unit-3&lesson=02-everyday-nouns-part-3-places,raw_text_line,,,,,,,,,,,,,3.0,Singular Plural Translation,,,,,,,,
https://learndagbani.org/courses/learn-dagbanli/?unit=unit-3&lesson=02-everyday-nouns-part-3-places,raw_text_line,,,,,,,,,,,,,4.0,adiini adiininima religion,,,,,,,,
https://learndagbani.org/courses/learn-dagbanli/?unit=unit-3&lesson=02-everyday-nouns-part-3-places,raw_text_line,,,,,,,,,,,,,5.0,afa afanima Muslim priest/preacher,,,,,,,,
https://learndagbani.org/courses/learn-dagbanli/?unit=unit-3&lesson=02-everyday-nouns-part-3-places,raw_text_line,,,,,,,,,,,,,6.0,alepile alepilenima aeroplane,,,,,,,,
https://learndagbani.org/courses/learn-dagbanli/?unit=unit-3&lesson=02-everyday-nouns-part-3-places,raw_text_line,,,,,,,,,,,,,7.0,barimaana barimaansi begger,,,,,,,,
https://learndagbani.org/courses/learn-dagbanli/?unit=unit-3&lesson=02-everyday-nouns-part-3-places,raw_text_line,,,,,,,,,,,,,8.0,biabi hi child,,,,,,,,
https://learndagbani.org/courses/learn-dagbanli/?unit=unit-3&lesson=02-everyday-nouns-part-3-places,raw_text_line,,,,,,,,,,,,,9.0,bidibiga bidibisi boys,,,,,,,,
https://learndagbani.org/courses/learn-dagbanli/?unit=unit-3&lesson=02-everyday-nouns-part-3-places,raw_text_line,,,,,,,,,,,,,10.0,bipuɣiŋga bipuɣinsi girls,,,,,,,,
https://learndagbani.org/courses/learn-dagbanli/?unit=unit-3&lesson=02-everyday-nouns-part-3-places,raw_text_line,,,,,,,,,,,,,11.0,birigu biriti deaf person,,,,,,,,
https://learndagbani.org/courses/learn-dagbanli/?unit=unit-3&lesson=02-everyday-nouns-part-3-places,raw_text_line,,,,,,,,,,,,,12.0,buɣili buɣa shrine,,,,,,,,
https://learndagbani.org/courses/learn-dagbanli/?unit=unit-3&lesson=02-everyday-nouns-part-3-places,raw_text_line,,,,,,,,,,,,,13.0,bundana bundaamba rich person,,,,,,,,
https://learndagbani.org/courses/learn-dagbanli/?unit=unit-3&lesson=02-everyday-nouns-part-3-places,raw_text_line,,,,,,,,,,,,,14.0,cheechi duu cheechi duri church building,,,,,,,,
https://learndagbani.org/courses/learn-dagbanli/?unit=unit-3&lesson=02-everyday-nouns-part-3-places,raw_text_line,,,,,,,,,,,,,15.0,cheechi cheechinima church,,,,,,,,
https://learndagbani.org/courses/learn-dagbanli/?unit=unit-3&lesson=02-everyday-nouns-part-3-places,raw_text_line,,,,,,,,,,,,,16.0,daada hi market,,,,,,,,
https://learndagbani.org/courses/learn-dagbanli/?unit=unit-3&lesson=02-everyday-nouns-part-3-places,raw_text_line,,,,,,,,,,,,,17.0,dakoli dakoya bachelor,,,,,,,,
https://learndagbani.org/courses/learn-dagbanli/?unit=unit-3&lesson=02-everyday-nouns-part-3-places,raw_text_line,,,,,,,,,,,,,18.0,dolodolo dolodolo Christian,,,,,,,,
https://learndagbani.org/courses/learn-dagbanli/?unit=unit-3&lesson=02-everyday-nouns-part-3-places,raw_text_line,,,,,,,,,,,,,19.0,dooda bba man,,,,,,,,
https://learndagbani.org/courses/learn-dagbanli/?unit=unit-3&lesson=02-everyday-nouns-part-3-places,raw_text_line,,,,,,,,,,,,,20.0,fɔŋ fɔndi town,,,,,,,,
https://learndagbani.org/courses/learn-dagbanli/?unit=unit-3&lesson=02-everyday-nouns-part-3-places,raw_text_line,,,,,,,,,,,,,21.0,gbansabinli gbansabila blackmen,,,,,,,,
https://learndagbani.org/courses/learn-dagbanli/?unit=unit-3&lesson=02-everyday-nouns-part-3-places,raw_text_line,,,,,,,,,,,,,22.0,gbarigu gbariti cripple,,,,,,,,
https://learndagbani.org/courses/learn-dagbanli/?unit=unit-3&lesson=02-everyday-nouns-part-3-places,raw_text_line,,,,,,,,,,,,,23.0,gurigulana gurigulaanima hunchback,,,,,,,,
https://learndagbani.org/courses/learn-dagbanli/?unit=unit-3&lesson=02-everyday-nouns-part-3-places,raw_text_line,,,,,,,,,,,,,24.0,jɛrigu jɛra fool,,,,,,,,
https://learndagbani.org/courses/learn-dagbanli/?unit=unit-3&lesson=02-everyday-nouns-part-3-places,raw_text_line,,,,,,,,,,,,,25.0,jiŋli jiŋa mosque,,,,,,,,
https://learndagbani.org/courses/learn-dagbanli/?unit=unit-3&lesson=02-everyday-nouns-part-3-places,raw_text_line,,,,,,,,,,,,,26.0,kɔŋa kɔnsi leper,,,,,,,,
https://learndagbani.org/courses/learn-dagbanli/?unit=unit-3&lesson=03-body-parts-in-dagbanli,table_row,,,,,,,,,,,,Head,,,,,,,,,Zuɣu,
https://learndagbani.org/courses/learn-dagbanli/?unit=unit-3&lesson=03-body-parts-in-dagbanli,table_row,,,,,,,,,,,,Hair,,,,,,,,,Zabiri,
https://learndagbani.org/courses/learn-dagbanli/?unit=unit-3&lesson=03-body-parts-in-dagbanli,table_row,,,,,,,,,,,,Ear,,,,,,,,,Tibili,Tiba (Ears)
https://learndagbani.org/courses/learn-dagbanli/?unit=unit-3&lesson=03-body-parts-in-dagbanli,table_row,,,,,,,,,,,,Eye,,,,,,,,,Nini,Nina (Eyes)
https://learndagbani.org/courses/learn-dagbanli/?unit=unit-3&lesson=03-body-parts-in-dagbanli,table_row,,,,,,,,,,,,Mouth,,,,,,,,,Nɔli,Nangbani
https://learndagbani.org/courses/learn-dagbanli/?unit=unit-3&lesson=03-body-parts-in-dagbanli,table_row,,,,,,,,,,,,Neck,,,,,,,,,Nyingɔli,
https://learndagbani.org/courses/learn-dagbanli/?unit=unit-3&lesson=03-body-parts-in-dagbanli,table_row,,,,,,,,,,,,Chest,,,,,,,,,Nyɔɣu,
https://learndagbani.org/courses/learn-dagbanli/?unit=unit-3&lesson=03-body-parts-in-dagbanli,table_row,,,,,,,,,,,,Breast,,,,,,,,,Bihili,Biha (Breasts)
https://learndagbani.org/courses/learn-dagbanli/?unit=unit-3&lesson=03-body-parts-in-dagbanli,table_row,,,,,,,,,,,,Stomach,,,,,,,,,puli,
https://learndagbani.org/courses/learn-dagbanli/?unit=unit-3&lesson=03-body-parts-in-dagbanli,table_row,,,,,,,,,,,,Rip,,,,,,,,,Saprigu,Sapira (Rips)
https://learndagbani.org/courses/learn-dagbanli/?unit=unit-3&lesson=03-body-parts-in-dagbanli,table_row,,,,,,,,,,,,Navel,,,,,,,,,Nyuɣu,
https://learndagbani.org/courses/learn-dagbanli/?unit=unit-3&lesson=03-body-parts-in-dagbanli,table_row,,,,,,,,,,,,Waist,,,,,,,,,Shɛi,
https://learndagbani.org/courses/learn-dagbanli/?unit=unit-3&lesson=03-body-parts-in-dagbanli,table_row,,,,,,,,,,,,Hip,,,,,,,,,Sakpuɣu,Sakpuɣa (Hips)
https://learndagbani.org/courses/learn-dagbanli/?unit=unit-3&lesson=03-body-parts-in-dagbanli,table_row,,,,,,,,,,,,Buttocks,,,,,,,,,Gbina,Gbini (Buttock)
https://learndagbani.org/courses/learn-dagbanli/?unit=unit-3&lesson=03-body-parts-in-dagbanli,table_row,,,,,,,,,,,,Thigh,,,,,,,,,gbalpini,gbalpina (Thighs)
https://learndagbani.org/courses/learn-dagbanli/?unit=unit-3&lesson=03-body-parts-in-dagbanli,table_row,,,,,,,,,,,,Knee,,,,,,,,,duni,duna (Knees)
https://learndagbani.org/courses/learn-dagbanli/?unit=unit-3&lesson=03-body-parts-in-dagbanli,table_row,,,,,,,,,,,,Leg,,,,,,,,,bɛi,bɛhi (Legs)
https://learndagbani.org/courses/learn-dagbanli/?unit=unit-3&lesson=03-body-parts-in-dagbanli,table_row,,,,,,,,,,,,Ankle,,,,,,,,,Napɔŋ-chei,
https://learndagbani.org/courses/learn-dagbanli/?unit=unit-3&lesson=03-body-parts-in-dagbanli,table_row,,,,,,,,,,,,Foot,,,,,,,,,Napɔŋ,Napɔna (Feet)
https://learndagbani.org/courses/learn-dagbanli/?unit=unit-3&lesson=03-body-parts-in-dagbanli,table_row,,,,,,,,,,,,Toe,,,,,,,,,Napɔŋ-bila,Napɔŋ-bihi (Toes)
https://learndagbani.org/courses/learn-dagbanli/?unit=unit-3&lesson=03-body-parts-in-dagbanli,table_row,,,,,,,,,,,,Big Toe,,,,,,,,,Napɔŋ-lɔɣu,
https://learndagbani.org/courses/learn-dagbanli/?unit=unit-3&lesson=03-body-parts-in-dagbanli,table_row,,,,,,,,,,,,Heel,,,,,,,,,Napɔŋ-kpaa,
https://learndagbani.org/courses/learn-dagbanli/?unit=unit-3&lesson=03-body-parts-in-dagbanli,table_row,,,,,,,,,,,,Shoulder,,,,,,,,,Bɔɣu-sapim,
https://learndagbani.org/courses/learn-dagbanli/?unit=unit-3&lesson=03-body-parts-in-dagbanli,table_row,,,,,,,,,,,,Arm,,,,,,,,,Bɔɣu,
https://learndagbani.org/courses/learn-dagbanli/?unit=unit-3&lesson=03-body-parts-in-dagbanli,table_row,,,,,,,,,,,,Elbow,,,,,,,,,Kpinkpanjua,
https://learndagbani.org/courses/learn-dagbanli/?unit=unit-3&lesson=03-body-parts-in-dagbanli,table_row,,,,,,,,,,,,Wrist,,,,,,,,,Nukyɛi,
https://learndagbani.org/courses/learn-dagbanli/?unit=unit-3&lesson=03-body-parts-in-dagbanli,table_row,,,,,,,,,,,,Finger,,,,,,,,,Nubila,Nubihi (Fingers)
https://learndagbani.org/courses/learn-dagbanli/?unit=unit-3&lesson=03-body-parts-in-dagbanli,table_row,,,,,,,,,,,,Thumb,,,,,,,,,Nuluɣu,
https://learndagbani.org/courses/learn-dagbanli/?unit=unit-3&lesson=03-body-parts-in-dagbanli,table_row,,,,,,,,,,,,Finger/Toe Nails,,,,,,,,,Nyinyahi,
https://learndagbani.org/courses/learn-dagbanli/?unit=unit-3&lesson=03-body-parts-in-dagbanli,table_row,,,,,,,,,,,,Palm,,,,,,,,,Nutali,
https://learndagbani.org/courses/learn-dagbanli/?unit=unit-3&lesson=03-body-parts-in-dagbanli,table_row,,,,,,,,,,,,Abdomen,,,,,,,,,Saɣinga,
https://learndagbani.org/courses/learn-dagbanli/?unit=unit-3&lesson=03-body-parts-in-dagbanli,table_row,,,,,,,,,,,,Soles of the feet,,,,,,,,,Napɔŋ-vaɣu,Napɔŋ-vari (plural)
https://learndagbani.org/courses/learn-dagbanli/?unit=unit-3&lesson=03-body-parts-in-dagbanli,table_row,,,,,,,,,,,,Nose,,,,,,,,,Nyɛi,
https://learndagbani.org/courses/learn-dagbanli/?unit=unit-3&lesson=03-body-parts-in-dagbanli,table_row,,,,,,,,,,,,Forehead,,,,,,,,,Gbiɣu,
https://learndagbani.org/courses/learn-dagbanli/?unit=unit-3&lesson=03-body-parts-in-dagbanli,raw_text_line,,,,,,,,,,,,,0.0,Learn Dagbanli (Dagbanli Bↄhimbu),,,,,,,,
https://learndagbani.org/courses/learn-dagbanli/?unit=unit-3&lesson=03-body-parts-in-dagbanli,raw_text_line,,,,,,,,,,,,,1.0,Body Parts in Dagbanli (Ningbuna boba),,,,,,,,
https://learndagbani.org/courses/learn-dagbanli/?unit=unit-3&lesson=03-body-parts-in-dagbanli,raw_text_line,,,,,,,,,,,,,2.0,Mark Complete,,,,,,,,
https://learndagbani.org/courses/learn-dagbanli/?unit=unit-3&lesson=03-body-parts-in-dagbanli,raw_text_line,,,,,,,,,,,,,3.0,English Dagbanli Alternative/Plural,,,,,,,,
https://learndagbani.org/courses/learn-dagbanli/?unit=unit-3&lesson=03-body-parts-in-dagbanli,raw_text_line,,,,,,,,,,,,,4.0,Head Zuɣu,,,,,,,,
https://learndagbani.org/courses/learn-dagbanli/?unit=unit-3&lesson=03-body-parts-in-dagbanli,raw_text_line,,,,,,,,,,,,,5.0,Hair Zabiri,,,,,,,,
https://learndagbani.org/courses/learn-dagbanli/?unit=unit-3&lesson=03-body-parts-in-dagbanli,raw_text_line,,,,,,,,,,,,,6.0,Ear Tibili Tiba (Ears),,,,,,,,
https://learndagbani.org/courses/learn-dagbanli/?unit=unit-3&lesson=03-body-parts-in-dagbanli,raw_text_line,,,,,,,,,,,,,7.0,Eye Nini Nina (Eyes),,,,,,,,
https://learndagbani.org/courses/learn-dagbanli/?unit=unit-3&lesson=03-body-parts-in-dagbanli,raw_text_line,,,,,,,,,,,,,8.0,Mouth Nɔli Nangbani,,,,,,,,
https://learndagbani.org/courses/learn-dagbanli/?unit=unit-3&lesson=03-body-parts-in-dagbanli,raw_text_line,,,,,,,,,,,,,9.0,Neck Nyingɔli,,,,,,,,
https://learndagbani.org/courses/learn-dagbanli/?unit=unit-3&lesson=03-body-parts-in-dagbanli,raw_text_line,,,,,,,,,,,,,10.0,Chest Nyɔɣu,,,,,,,,
https://learndagbani.org/courses/learn-dagbanli/?unit=unit-3&lesson=03-body-parts-in-dagbanli,raw_text_line,,,,,,,,,,,,,11.0,Breast Bihili Biha (Breasts),,,,,,,,
https://learndagbani.org/courses/learn-dagbanli/?unit=unit-3&lesson=03-body-parts-in-dagbanli,raw_text_line,,,,,,,,,,,,,12.0,Stomach puli,,,,,,,,
https://learndagbani.org/courses/learn-dagbanli/?unit=unit-3&lesson=03-body-parts-in-dagbanli,raw_text_line,,,,,,,,,,,,,13.0,Rip Saprigu Sapira (Rips),,,,,,,,
https://learndagbani.org/courses/learn-dagbanli/?unit=unit-3&lesson=03-body-parts-in-dagbanli,raw_text_line,,,,,,,,,,,,,14.0,Navel Nyuɣu,,,,,,,,
https://learndagbani.org/courses/learn-dagbanli/?unit=unit-3&lesson=03-body-parts-in-dagbanli,raw_text_line,,,,,,,,,,,,,15.0,Waist Shɛi,,,,,,,,
https://learndagbani.org/courses/learn-dagbanli/?unit=unit-3&lesson=03-body-parts-in-dagbanli,raw_text_line,,,,,,,,,,,,,16.0,Hip Sakpuɣu Sakpuɣa (Hips),,,,,,,,
https://learndagbani.org/courses/learn-dagbanli/?unit=unit-3&lesson=03-body-parts-in-dagbanli,raw_text_line,,,,,,,,,,,,,17.0,Buttocks Gbina Gbini (Buttock),,,,,,,,
https://learndagbani.org/courses/learn-dagbanli/?unit=unit-3&lesson=03-body-parts-in-dagbanli,raw_text_line,,,,,,,,,,,,,18.0,Thigh gbalpini gbalpina (Thighs),,,,,,,,
https://learndagbani.org/courses/learn-dagbanli/?unit=unit-3&lesson=03-body-parts-in-dagbanli,raw_text_line,,,,,,,,,,,,,19.0,Knee duni duna (Knees),,,,,,,,
https://learndagbani.org/courses/learn-dagbanli/?unit=unit-3&lesson=03-body-parts-in-dagbanli,raw_text_line,,,,,,,,,,,,,20.0,Leg bɛi bɛhi (Legs),,,,,,,,
https://learndagbani.org/courses/learn-dagbanli/?unit=unit-3&lesson=03-body-parts-in-dagbanli,raw_text_line,,,,,,,,,,,,,21.0,Ankle Napɔŋ-chei,,,,,,,,
https://learndagbani.org/courses/learn-dagbanli/?unit=unit-3&lesson=03-body-parts-in-dagbanli,raw_text_line,,,,,,,,,,,,,22.0,Foot Napɔŋ Napɔna (Feet),,,,,,,,
https://learndagbani.org/courses/learn-dagbanli/?unit=unit-3&lesson=03-body-parts-in-dagbanli,raw_text_line,,,,,,,,,,,,,23.0,Toe Napɔŋ-bila Napɔŋ-bihi (Toes),,,,,,,,
https://learndagbani.org/courses/learn-dagbanli/?unit=unit-3&lesson=03-body-parts-in-dagbanli,raw_text_line,,,,,,,,,,,,,24.0,Big Toe Napɔŋ-lɔɣu,,,,,,,,
https://learndagbani.org/courses/learn-dagbanli/?unit=unit-3&lesson=03-body-parts-in-dagbanli,raw_text_line,,,,,,,,,,,,,25.0,Heel Napɔŋ-kpaa,,,,,,,,
https://learndagbani.org/courses/learn-dagbanli/?unit=unit-3&lesson=03-body-parts-in-dagbanli,raw_text_line,,,,,,,,,,,,,26.0,Shoulder Bɔɣu-sapim,,,,,,,,
https://learndagbani.org/courses/learn-dagbanli/?unit=unit-3&lesson=03-body-parts-in-dagbanli,raw_text_line,,,,,,,,,,,,,27.0,Arm Bɔɣu,,,,,,,,
https://learndagbani.org/courses/learn-dagbanli/?unit=unit-3&lesson=03-body-parts-in-dagbanli,raw_text_line,,,,,,,,,,,,,28.0,Elbow Kpinkpanjua,,,,,,,,
https://learndagbani.org/courses/learn-dagbanli/?unit=unit-3&lesson=03-body-parts-in-dagbanli,raw_text_line,,,,,,,,,,,,,29.0,Wrist Nukyɛi,,,,,,,,
https://learndagbani.org/courses/learn-dagbanli/?unit=unit-3&lesson=03-body-parts-in-dagbanli,raw_text_line,,,,,,,,,,,,,30.0,Finger Nubila Nubihi (Fingers),,,,,,,,
https://learndagbani.org/courses/learn-dagbanli/?unit=unit-3&lesson=03-body-parts-in-dagbanli,raw_text_line,,,,,,,,,,,,,31.0,Thumb Nuluɣu,,,,,,,,
https://learndagbani.org/courses/learn-dagbanli/?unit=unit-3&lesson=03-body-parts-in-dagbanli,raw_text_line,,,,,,,,,,,,,32.0,Finger/Toe Nails Nyinyahi,,,,,,,,
https://learndagbani.org/courses/learn-dagbanli/?unit=unit-3&lesson=03-body-parts-in-dagbanli,raw_text_line,,,,,,,,,,,,,33.0,Palm Nutali,,,,,,,,
https://learndagbani.org/courses/learn-dagbanli/?unit=unit-3&lesson=03-body-parts-in-dagbanli,raw_text_line,,,,,,,,,,,,,34.0,Abdomen Saɣinga,,,,,,,,
https://learndagbani.org/courses/learn-dagbanli/?unit=unit-3&lesson=03-body-parts-in-dagbanli,raw_text_line,,,,,,,,,,,,,35.0,Soles of the feet Napɔŋ-vaɣu Napɔŋ-vari (plural),,,,,,,,
https://learndagbani.org/courses/learn-dagbanli/?unit=unit-3&lesson=03-body-parts-in-dagbanli,raw_text_line,,,,,,,,,,,,,36.0,Nose Nyɛi,,,,,,,,
https://learndagbani.org/courses/learn-dagbanli/?unit=unit-3&lesson=03-body-parts-in-dagbanli,raw_text_line,,,,,,,,,,,,,37.0,Forehead Gbiɣu,,,,,,,,
https://learndagbani.org/courses/learn-dagbanli/?unit=unit-4&lesson=01-learning-from-dagbani-songs,raw_text_line,,,,,,,,,,,,,0.0,Learn Dagbanli (Dagbanli Bↄhimbu),,,,,,,,
https://learndagbani.org/courses/learn-dagbanli/?unit=unit-4&lesson=01-learning-from-dagbani-songs,raw_text_line,,,,,,,,,,,,,1.0,Learning from Dagbani Songs,,,,,,,,
https://learndagbani.org/courses/learn-dagbanli/?unit=unit-4&lesson=01-learning-from-dagbani-songs,raw_text_line,,,,,,,,,,,,,2.0,Mark Complete,,,,,,,,
https://learndagbani.org/courses/learn-dagbanli/?unit=unit-4&lesson=01-learning-from-dagbani-songs,raw_text_line,,,,,,,,,,,,,3.0,Traditional Dagomba Occupational Songs,,,,,,,,
https://learndagbani.org/courses/learn-dagbanli/?unit=unit-4&lesson=01-learning-from-dagbani-songs,raw_text_line,,,,,,,,,,,,,4.0,"This lesson provides free learning resources for both teachers and learners in Primary 4, discussing songs connected to traditional Dagomba occupations and their importance.",,,,,,,,
https://learndagbani.org/courses/learn-dagbanli/?unit=unit-4&lesson=01-learning-from-dagbani-songs,raw_text_line,,,,,,,,,,,,,5.0,Traditional Dagomba occupational songs are songs performed during the carrying out of tasks related to traditional occupations such as:,,,,,,,,
https://learndagbani.org/courses/learn-dagbanli/?unit=unit-4&lesson=01-learning-from-dagbani-songs,raw_text_line,,,,,,,,,,,,,6.0,Weeding,,,,,,,,
https://learndagbani.org/courses/learn-dagbanli/?unit=unit-4&lesson=01-learning-from-dagbani-songs,raw_text_line,,,,,,,,,,,,,7.0,Building a hut,,,,,,,,
https://learndagbani.org/courses/learn-dagbanli/?unit=unit-4&lesson=01-learning-from-dagbani-songs,raw_text_line,,,,,,,,,,,,,8.0,Roofing a hut,,,,,,,,
https://learndagbani.org/courses/learn-dagbanli/?unit=unit-4&lesson=01-learning-from-dagbani-songs,raw_text_line,,,,,,,,,,,,,9.0,Flooring the compound,,,,,,,,
https://learndagbani.org/courses/learn-dagbanli/?unit=unit-4&lesson=01-learning-from-dagbani-songs,raw_text_line,,,,,,,,,,,,,10.0,Weaving thatches,,,,,,,,
https://learndagbani.org/courses/learn-dagbanli/?unit=unit-4&lesson=01-learning-from-dagbani-songs,raw_text_line,,,,,,,,,,,,,11.0,Examples of Traditional Songs,,,,,,,,
https://learndagbani.org/courses/learn-dagbanli/?unit=unit-4&lesson=01-learning-from-dagbani-songs,raw_text_line,,,,,,,,,,,,,12.0,Baa Lana Gbaaimi a Baa,,,,,,,,
https://learndagbani.org/courses/learn-dagbanli/?unit=unit-4&lesson=01-learning-from-dagbani-songs,raw_text_line,,,,,,,,,,,,,13.0,Performed during weeding,,,,,,,,
https://learndagbani.org/courses/learn-dagbanli/?unit=unit-4&lesson=01-learning-from-dagbani-songs,raw_text_line,,,,,,,,,,,,,14.0,Saa bu Imoro,,,,,,,,
https://learndagbani.org/courses/learn-dagbanli/?unit=unit-4&lesson=01-learning-from-dagbani-songs,raw_text_line,,,,,,,,,,,,,15.0,Performed during weeding,,,,,,,,
https://learndagbani.org/courses/learn-dagbanli/?unit=unit-4&lesson=01-learning-from-dagbani-songs,raw_text_line,,,,,,,,,,,,,16.0,Zuɣa Yila,,,,,,,,
https://learndagbani.org/courses/learn-dagbanli/?unit=unit-4&lesson=01-learning-from-dagbani-songs,raw_text_line,,,,,,,,,,,,,17.0,Performed during flooring the compound,,,,,,,,
https://learndagbani.org/courses/learn-dagbanli/?unit=unit-4&lesson=01-learning-from-dagbani-songs,raw_text_line,,,,,,,,,,,,,18.0,Importance of Traditional Occupational Songs,,,,,,,,
https://learndagbani.org/courses/learn-dagbanli/?unit=unit-4&lesson=01-learning-from-dagbani-songs,raw_text_line,,,,,,,,,,,,,19.0,It reduces fatigue,,,,,,,,
https://learndagbani.org/courses/learn-dagbanli/?unit=unit-4&lesson=01-learning-from-dagbani-songs,raw_text_line,,,,,,,,,,,,,20.0,Entertains the workers,,,,,,,,
https://learndagbani.org/courses/learn-dagbanli/?unit=unit-4&lesson=01-learning-from-dagbani-songs,raw_text_line,,,,,,,,,,,,,21.0,Allows for systematic work,,,,,,,,
https://learndagbani.org/courses/learn-dagbanli/?unit=unit-4&lesson=01-learning-from-dagbani-songs,raw_text_line,,,,,,,,,,,,,22.0,Attracts more hands to the work,,,,,,,,
https://learndagbani.org/courses/learn-dagbanli/?unit=unit-4&lesson=01-learning-from-dagbani-songs,raw_text_line,,,,,,,,,,,,,23.0,Inspires fellow workers to work harder,,,,,,,,
https://learndagbani.org/courses/learn-dagbanli/?unit=unit-4&lesson=01-learning-from-dagbani-songs,raw_text_line,,,,,,,,,,,,,24.0,Promotes our culture,,,,,,,,
https://learndagbani.org/courses/learn-dagbanli/?unit=unit-4&lesson=01-learning-from-dagbani-songs,raw_text_line,,,,,,,,,,,,,25.0,Lesson By: Musah Fuseini,,,,,,,,
https://learndagbani.org/courses/learn-dagbanli/?unit=unit-4&lesson=02-dagbani-poems-y%C9%9Blit%C9%94%C9%A3ita%C9%A3imalisi,table_row,,,,,,,,,,,Ʒiri,Lies,,,,,,,,,,
https://learndagbani.org/courses/learn-dagbanli/?unit=unit-4&lesson=02-dagbani-poems-y%C9%9Blit%C9%94%C9%A3ita%C9%A3imalisi,table_row,,,,,,,,,,,Yɛlmaŋli,Truth,,,,,,,,,,
https://learndagbani.org/courses/learn-dagbanli/?unit=unit-4&lesson=02-dagbani-poems-y%C9%9Blit%C9%94%C9%A3ita%C9%A3imalisi,table_row,,,,,,,,,,,Ʒɛmana,Generations,,,,,,,,,,
https://learndagbani.org/courses/learn-dagbanli/?unit=unit-4&lesson=02-dagbani-poems-y%C9%9Blit%C9%94%C9%A3ita%C9%A3imalisi,table_row,,,,,,,,,,,Vuɣisi,Ridges for planting crops,,,,,,,,,,
https://learndagbani.org/courses/learn-dagbanli/?unit=unit-4&lesson=02-dagbani-poems-y%C9%9Blit%C9%94%C9%A3ita%C9%A3imalisi,table_row,,,,,,,,,,,Sitira,Clothes,,,,,,,,,,
https://learndagbani.org/courses/learn-dagbanli/?unit=unit-4&lesson=02-dagbani-poems-y%C9%9Blit%C9%94%C9%A3ita%C9%A3imalisi,raw_text_line,,,,,,,,,,,,,0.0,Learn Dagbanli (Dagbanli Bↄhimbu),,,,,,,,
https://learndagbani.org/courses/learn-dagbanli/?unit=unit-4&lesson=02-dagbani-poems-y%C9%9Blit%C9%94%C9%A3ita%C9%A3imalisi,raw_text_line,,,,,,,,,,,,,1.0,Dagbani Poems (Yɛlitɔɣitaɣimalisi),,,,,,,,
https://learndagbani.org/courses/learn-dagbanli/?unit=unit-4&lesson=02-dagbani-poems-y%C9%9Blit%C9%94%C9%A3ita%C9%A3imalisi,raw_text_line,,,,,,,,,,,,,2.0,Mark Complete,,,,,,,,
https://learndagbani.org/courses/learn-dagbanli/?unit=unit-4&lesson=02-dagbani-poems-y%C9%9Blit%C9%94%C9%A3ita%C9%A3imalisi,raw_text_line,,,,,,,,,,,,,3.0,"A poem is a piece of writing in which the words are chosen for their beauty and sound and are carefully arranged, often in short lines that rhyme. (Source: Collins Dictionary).",,,,,,,,
https://learndagbani.org/courses/learn-dagbanli/?unit=unit-4&lesson=02-dagbani-poems-y%C9%9Blit%C9%94%C9%A3ita%C9%A3imalisi,raw_text_line,,,,,,,,,,,,,4.0,Examples of Dagbani Poems,,,,,,,,
https://learndagbani.org/courses/learn-dagbanli/?unit=unit-4&lesson=02-dagbani-poems-y%C9%9Blit%C9%94%C9%A3ita%C9%A3imalisi,raw_text_line,,,,,,,,,,,,,5.0,Bia,,,,,,,,
https://learndagbani.org/courses/learn-dagbanli/?unit=unit-4&lesson=02-dagbani-poems-y%C9%9Blit%C9%94%C9%A3ita%C9%A3imalisi,raw_text_line,,,,,,,,,,,,,6.0,M ba yɛligu,,,,,,,,
https://learndagbani.org/courses/learn-dagbanli/?unit=unit-4&lesson=02-dagbani-poems-y%C9%9Blit%C9%94%C9%A3ita%C9%A3imalisi,raw_text_line,,,,,,,,,,,,,7.0,A ma,,,,,,,,
https://learndagbani.org/courses/learn-dagbanli/?unit=unit-4&lesson=02-dagbani-poems-y%C9%9Blit%C9%94%C9%A3ita%C9%A3imalisi,raw_text_line,,,,,,,,,,,,,8.0,Gbuɣinli,,,,,,,,
https://learndagbani.org/courses/learn-dagbanli/?unit=unit-4&lesson=02-dagbani-poems-y%C9%9Blit%C9%94%C9%A3ita%C9%A3imalisi,raw_text_line,,,,,,,,,,,,,9.0,Zamba,,,,,,,,
https://learndagbani.org/courses/learn-dagbanli/?unit=unit-4&lesson=02-dagbani-poems-y%C9%9Blit%C9%94%C9%A3ita%C9%A3imalisi,raw_text_line,,,,,,,,,,,,,10.0,Buɣili noo,,,,,,,,
https://learndagbani.org/courses/learn-dagbanli/?unit=unit-4&lesson=02-dagbani-poems-y%C9%9Blit%C9%94%C9%A3ita%C9%A3imalisi,raw_text_line,,,,,,,,,,,,,11.0,"Sample Poem: ""M Ba Yɛligu"" by Tia Sulemana",,,,,,,,
https://learndagbani.org/courses/learn-dagbanli/?unit=unit-4&lesson=02-dagbani-poems-y%C9%9Blit%C9%94%C9%A3ita%C9%A3imalisi,raw_text_line,,,,,,,,,,,,,12.0,M ba yɛligu,,,,,,,,
https://learndagbani.org/courses/learn-dagbanli/?unit=unit-4&lesson=02-dagbani-poems-y%C9%9Blit%C9%94%C9%A3ita%C9%A3imalisi,raw_text_line,,,,,,,,,,,,,14.0,M ba daa yɛli ma,,,,,,,,
https://learndagbani.org/courses/learn-dagbanli/?unit=unit-4&lesson=02-dagbani-poems-y%C9%9Blit%C9%94%C9%A3ita%C9%A3imalisi,raw_text_line,,,,,,,,,,,,,15.0,Ka m ma yɛli ma,,,,,,,,
https://learndagbani.org/courses/learn-dagbanli/?unit=unit-4&lesson=02-dagbani-poems-y%C9%9Blit%C9%94%C9%A3ita%C9%A3imalisi,raw_text_line,,,,,,,,,,,,,16.0,M-maan labi yɛli ma,,,,,,,,
https://learndagbani.org/courses/learn-dagbanli/?unit=unit-4&lesson=02-dagbani-poems-y%C9%9Blit%C9%94%C9%A3ita%C9%A3imalisi,raw_text_line,,,,,,,,,,,,,17.0,Ni n zom ʒiri,,,,,,,,
https://learndagbani.org/courses/learn-dagbanli/?unit=unit-4&lesson=02-dagbani-poems-y%C9%9Blit%C9%94%C9%A3ita%C9%A3imalisi,raw_text_line,,,,,,,,,,,,,18.0,Ni ʒiri dihiri nira vi,,,,,,,,
https://learndagbani.org/courses/learn-dagbanli/?unit=unit-4&lesson=02-dagbani-poems-y%C9%9Blit%C9%94%C9%A3ita%C9%A3imalisi,raw_text_line,,,,,,,,,,,,,19.0,Ka labisiri bilichini nyaaŋa,,,,,,,,
https://learndagbani.org/courses/learn-dagbanli/?unit=unit-4&lesson=02-dagbani-poems-y%C9%9Blit%C9%94%C9%A3ita%C9%A3imalisi,raw_text_line,,,,,,,,,,,,,21.0,Ka n ti yiɣisina,,,,,,,,
https://learndagbani.org/courses/learn-dagbanli/?unit=unit-4&lesson=02-dagbani-poems-y%C9%9Blit%C9%94%C9%A3ita%C9%A3imalisi,raw_text_line,,,,,,,,,,,,,22.0,Ka ʒɛmana kana,,,,,,,,
https://learndagbani.org/courses/learn-dagbanli/?unit=unit-4&lesson=02-dagbani-poems-y%C9%9Blit%C9%94%C9%A3ita%C9%A3imalisi,raw_text_line,,,,,,,,,,,,,23.0,Ka ʒiri mali nyɔri,,,,,,,,
https://learndagbani.org/courses/learn-dagbanli/?unit=unit-4&lesson=02-dagbani-poems-y%C9%9Blit%C9%94%C9%A3ita%C9%A3imalisi,raw_text_line,,,,,,,,,,,,,24.0,Ka yɛlimaŋli kɔŋ nyɔri,,,,,,,,
https://learndagbani.org/courses/learn-dagbanli/?unit=unit-4&lesson=02-dagbani-poems-y%C9%9Blit%C9%94%C9%A3ita%C9%A3imalisi,raw_text_line,,,,,,,,,,,,,25.0,Ooi! Ooi! Bɔ ʒɛmana m-bɔŋɔ?,,,,,,,,
https://learndagbani.org/courses/learn-dagbanli/?unit=unit-4&lesson=02-dagbani-poems-y%C9%9Blit%C9%94%C9%A3ita%C9%A3imalisi,raw_text_line,,,,,,,,,,,,,27.0,Ka ʒiri ti deei zaashee,,,,,,,,
https://learndagbani.org/courses/learn-dagbanli/?unit=unit-4&lesson=02-dagbani-poems-y%C9%9Blit%C9%94%C9%A3ita%C9%A3imalisi,raw_text_line,,,,,,,,,,,,,28.0,Ka yɛlimaŋli kɔŋ zaashee,,,,,,,,
https://learndagbani.org/courses/learn-dagbanli/?unit=unit-4&lesson=02-dagbani-poems-y%C9%9Blit%C9%94%C9%A3ita%C9%A3imalisi,raw_text_line,,,,,,,,,,,,,29.0,"Tɔ amaa, ʒiri yi kuli kɔri vuɣusi",,,,,,,,
https://learndagbani.org/courses/learn-dagbanli/?unit=unit-4&lesson=02-dagbani-poems-y%C9%9Blit%C9%94%C9%A3ita%C9%A3imalisi,raw_text_line,,,,,,,,,,,,,30.0,Yɛlimaŋli m-birita,,,,,,,,
https://learndagbani.org/courses/learn-dagbanli/?unit=unit-4&lesson=02-dagbani-poems-y%C9%9Blit%C9%94%C9%A3ita%C9%A3imalisi,raw_text_line,,,,,,,,,,,,,32.0,"Sitira laɣim kɔbiga,",,,,,,,,
https://learndagbani.org/courses/learn-dagbanli/?unit=unit-4&lesson=02-dagbani-poems-y%C9%9Blit%C9%94%C9%A3ita%C9%A3imalisi,raw_text_line,,,,,,,,,,,,,33.0,tampiɛlli n-daa gari,,,,,,,,
https://learndagbani.org/courses/learn-dagbanli/?unit=unit-4&lesson=02-dagbani-poems-y%C9%9Blit%C9%94%C9%A3ita%C9%A3imalisi,raw_text_line,,,,,,,,,,,,,34.0,"Dinzuɣu ʒiri yi laɣim kɔbiga,",,,,,,,,
https://learndagbani.org/courses/learn-dagbanli/?unit=unit-4&lesson=02-dagbani-poems-y%C9%9Blit%C9%94%C9%A3ita%C9%A3imalisi,raw_text_line,,,,,,,,,,,,,35.0,yɛlimaŋli n-gari.,,,,,,,,
https://learndagbani.org/courses/learn-dagbanli/?unit=unit-4&lesson=02-dagbani-poems-y%C9%9Blit%C9%94%C9%A3ita%C9%A3imalisi,raw_text_line,,,,,,,,,,,,,36.0,Key Words in the Poem,,,,,,,,
https://learndagbani.org/courses/learn-dagbanli/?unit=unit-4&lesson=02-dagbani-poems-y%C9%9Blit%C9%94%C9%A3ita%C9%A3imalisi,raw_text_line,,,,,,,,,,,,,37.0,Dagbani English,,,,,,,,
https://learndagbani.org/courses/learn-dagbanli/?unit=unit-4&lesson=02-dagbani-poems-y%C9%9Blit%C9%94%C9%A3ita%C9%A3imalisi,raw_text_line,,,,,,,,,,,,,38.0,Ʒiri Lies,,,,,,,,
https://learndagbani.org/courses/learn-dagbanli/?unit=unit-4&lesson=02-dagbani-poems-y%C9%9Blit%C9%94%C9%A3ita%C9%A3imalisi,raw_text_line,,,,,,,,,,,,,39.0,Yɛlmaŋli Truth,,,,,,,,
https://learndagbani.org/courses/learn-dagbanli/?unit=unit-4&lesson=02-dagbani-poems-y%C9%9Blit%C9%94%C9%A3ita%C9%A3imalisi,raw_text_line,,,,,,,,,,,,,40.0,Ʒɛmana Generations,,,,,,,,
https://learndagbani.org/courses/learn-dagbanli/?unit=unit-4&lesson=02-dagbani-poems-y%C9%9Blit%C9%94%C9%A3ita%C9%A3imalisi,raw_text_line,,,,,,,,,,,,,41.0,Vuɣisi Ridges for planting crops,,,,,,,,
https://learndagbani.org/courses/learn-dagbanli/?unit=unit-4&lesson=02-dagbani-poems-y%C9%9Blit%C9%94%C9%A3ita%C9%A3imalisi,raw_text_line,,,,,,,,,,,,,42.0,Sitira Clothes,,,,,,,,
https://learndagbani.org/courses/learn-dagbanli/?unit=unit-4&lesson=02-dagbani-poems-y%C9%9Blit%C9%94%C9%A3ita%C9%A3imalisi,raw_text_line,,,,,,,,,,,,,43.0,Moral Lessons from the Poem,,,,,,,,
https://learndagbani.org/courses/learn-dagbanli/?unit=unit-4&lesson=02-dagbani-poems-y%C9%9Blit%C9%94%C9%A3ita%C9%A3imalisi,raw_text_line,,,,,,,,,,,,,44.0,The need to listen to the words of wisdom of the elderly,,,,,,,,
https://learndagbani.org/courses/learn-dagbanli/?unit=unit-4&lesson=02-dagbani-poems-y%C9%9Blit%C9%94%C9%A3ita%C9%A3imalisi,raw_text_line,,,,,,,,,,,,,45.0,The need to embrace truthfulness and eschew telling lies,,,,,,,,
https://learndagbani.org/courses/learn-dagbanli/?unit=unit-4&lesson=02-dagbani-poems-y%C9%9Blit%C9%94%C9%A3ita%C9%A3imalisi,raw_text_line,,,,,,,,,,,,,46.0,Perseverance with being truthful,,,,,,,,
https://learndagbani.org/courses/learn-dagbanli/?unit=unit-4&lesson=02-dagbani-poems-y%C9%9Blit%C9%94%C9%A3ita%C9%A3imalisi,raw_text_line,,,,,,,,,,,,,47.0,Truth would always triumph even if it would delay,,,,,,,,
https://learndagbani.org/courses/learn-dagbanli/?unit=unit-4&lesson=02-dagbani-poems-y%C9%9Blit%C9%94%C9%A3ita%C9%A3imalisi,raw_text_line,,,,,,,,,,,,,48.0,Importance of Dagbani Poems,,,,,,,,
https://learndagbani.org/courses/learn-dagbanli/?unit=unit-4&lesson=02-dagbani-poems-y%C9%9Blit%C9%94%C9%A3ita%C9%A3imalisi,raw_text_line,,,,,,,,,,,,,49.0,Promotes Dagbani culture,,,,,,,,
https://learndagbani.org/courses/learn-dagbanli/?unit=unit-4&lesson=02-dagbani-poems-y%C9%9Blit%C9%94%C9%A3ita%C9%A3imalisi,raw_text_line,,,,,,,,,,,,,50.0,Teaches moral lessons,,,,,,,,
https://learndagbani.org/courses/learn-dagbanli/?unit=unit-4&lesson=02-dagbani-poems-y%C9%9Blit%C9%94%C9%A3ita%C9%A3imalisi,raw_text_line,,,,,,,,,,,,,51.0,Entertains us,,,,,,,,
https://learndagbani.org/courses/learn-dagbanli/?unit=unit-4&lesson=02-dagbani-poems-y%C9%9Blit%C9%94%C9%A3ita%C9%A3imalisi,raw_text_line,,,,,,,,,,,,,52.0,Helps in developing oral skills,,,,,,,,
https://learndagbani.org/courses/learn-dagbanli/?unit=unit-4&lesson=02-dagbani-poems-y%C9%9Blit%C9%94%C9%A3ita%C9%A3imalisi,raw_text_line,,,,,,,,,,,,,53.0,Lesson By: Musah Fuseini,,,,,,,,
https://learndagbani.org/courses/learn-dagbanli/?unit=unit-4&lesson=03-dagbani-folktales-dagbani-salima-salimbu,table_row,,,,,,,,,,,Kunduŋ,Hyena,,,,,,,,,,
https://learndagbani.org/courses/learn-dagbanli/?unit=unit-4&lesson=03-dagbani-folktales-dagbani-salima-salimbu,table_row,,,,,,,,,,,Piɛɣu,Sheep,,,,,,,,,,
https://learndagbani.org/courses/learn-dagbanli/?unit=unit-4&lesson=03-dagbani-folktales-dagbani-salima-salimbu,table_row,,,,,,,,,,,Napɔɣu,sheep pen,,,,,,,,,,
https://learndagbani.org/courses/learn-dagbanli/?unit=unit-4&lesson=03-dagbani-folktales-dagbani-salima-salimbu,table_row,,,,,,,,,,,Piɛgula,shepherd,,,,,,,,,,
https://learndagbani.org/courses/learn-dagbanli/?unit=unit-4&lesson=03-dagbani-folktales-dagbani-salima-salimbu,table_row,,,,,,,,,,,Chɛfirinima,Idol worshippers,,,,,,,,,,
https://learndagbani.org/courses/learn-dagbanli/?unit=unit-4&lesson=03-dagbani-folktales-dagbani-salima-salimbu,table_row,,,,,,,,,,,Buɣili,Idol,,,,,,,,,,
https://learndagbani.org/courses/learn-dagbanli/?unit=unit-4&lesson=03-dagbani-folktales-dagbani-salima-salimbu,table_row,,,,,,,,,,,Buɣili malibu,Pacifying idols,,,,,,,,,,
https://learndagbani.org/courses/learn-dagbanli/?unit=unit-4&lesson=03-dagbani-folktales-dagbani-salima-salimbu,table_row,,,,,,,,,,,Buɣugɔrigu,Shrine,,,,,,,,,,
https://learndagbani.org/courses/learn-dagbanli/?unit=unit-4&lesson=03-dagbani-folktales-dagbani-salima-salimbu,table_row,,,,,,,,,,,Tilsi,Pestles,,,,,,,,,,
https://learndagbani.org/courses/learn-dagbanli/?unit=unit-4&lesson=03-dagbani-folktales-dagbani-salima-salimbu,table_row,,,,,,,,,,,Tɛhi biɛri,Evil intentions,,,,,,,,,,
https://learndagbani.org/courses/learn-dagbanli/?unit=unit-4&lesson=03-dagbani-folktales-dagbani-salima-salimbu,table_row,,,,,,,,,,,Biɛri bohibu,Revenge,,,,,,,,,,
https://learndagbani.org/courses/learn-dagbanli/?unit=unit-4&lesson=03-dagbani-folktales-dagbani-salima-salimbu,raw_text_line,,,,,,,,,,,,,0.0,Learn Dagbanli (Dagbanli Bↄhimbu),,,,,,,,
https://learndagbani.org/courses/learn-dagbanli/?unit=unit-4&lesson=03-dagbani-folktales-dagbani-salima-salimbu,raw_text_line,,,,,,,,,,,,,1.0,Dagbani Folktales (Dagbani Salima Salimbu),,,,,,,,
https://learndagbani.org/courses/learn-dagbanli/?unit=unit-4&lesson=03-dagbani-folktales-dagbani-salima-salimbu,raw_text_line,,,,,,,,,,,,,2.0,Mark Complete,,,,,,,,
https://learndagbani.org/courses/learn-dagbanli/?unit=unit-4&lesson=03-dagbani-folktales-dagbani-salima-salimbu,raw_text_line,,,,,,,,,,,,,3.0,"Dagbani folktales are fictional stories originating in popular culture, typically passed on by word of mouth from generation to generation. They are intended to teach lessons or entertain, and can be about people, animals, trees, myths, spirits, rivers, mountains, etc.",,,,,,,,
https://learndagbani.org/courses/learn-dagbanli/?unit=unit-4&lesson=03-dagbani-folktales-dagbani-salima-salimbu,raw_text_line,,,,,,,,,,,,,4.0,Examples of Dagbani Folktales,,,,,,,,
https://learndagbani.org/courses/learn-dagbanli/?unit=unit-4&lesson=03-dagbani-folktales-dagbani-salima-salimbu,raw_text_line,,,,,,,,,,,,,5.0,Kpatindariga Mini Yɛm Chuɣu,,,,,,,,
https://learndagbani.org/courses/learn-dagbanli/?unit=unit-4&lesson=03-dagbani-folktales-dagbani-salima-salimbu,raw_text_line,,,,,,,,,,,,,6.0,Tipawumli Sanyoo,,,,,,,,
https://learndagbani.org/courses/learn-dagbanli/?unit=unit-4&lesson=03-dagbani-folktales-dagbani-salima-salimbu,raw_text_line,,,,,,,,,,,,,7.0,Kunduŋ Lɛbi Piɛɣu,,,,,,,,
https://learndagbani.org/courses/learn-dagbanli/?unit=unit-4&lesson=03-dagbani-folktales-dagbani-salima-salimbu,raw_text_line,,,,,,,,,,,,,8.0,Naɣ' lantabili Mini Buŋa,,,,,,,,
https://learndagbani.org/courses/learn-dagbanli/?unit=unit-4&lesson=03-dagbani-folktales-dagbani-salima-salimbu,raw_text_line,,,,,,,,,,,,,9.0,Kunduŋ Mini Bubil' Kpibiga,,,,,,,,
https://learndagbani.org/courses/learn-dagbanli/?unit=unit-4&lesson=03-dagbani-folktales-dagbani-salima-salimbu,raw_text_line,,,,,,,,,,,,,10.0,Zɔm Mini O Zo Gbarigu,,,,,,,,
https://learndagbani.org/courses/learn-dagbanli/?unit=unit-4&lesson=03-dagbani-folktales-dagbani-salima-salimbu,raw_text_line,,,,,,,,,,,,,11.0,Laɣ' Yubo Pam Tiligiri Nyɛvili,,,,,,,,
https://learndagbani.org/courses/learn-dagbanli/?unit=unit-4&lesson=03-dagbani-folktales-dagbani-salima-salimbu,raw_text_line,,,,,,,,,,,,,12.0,Bɔntimaŋ Mini O Bia Suhuyini,,,,,,,,
https://learndagbani.org/courses/learn-dagbanli/?unit=unit-4&lesson=03-dagbani-folktales-dagbani-salima-salimbu,raw_text_line,,,,,,,,,,,,,13.0,Structure of Dagbani Folktales,,,,,,,,
https://learndagbani.org/courses/learn-dagbanli/?unit=unit-4&lesson=03-dagbani-folktales-dagbani-salima-salimbu,raw_text_line,,,,,,,,,,,,,14.0,Piligu => Beginning,,,,,,,,
https://learndagbani.org/courses/learn-dagbanli/?unit=unit-4&lesson=03-dagbani-folktales-dagbani-salima-salimbu,raw_text_line,,,,,,,,,,,,,15.0,Sunsuuni => Middle,,,,,,,,
https://learndagbani.org/courses/learn-dagbanli/?unit=unit-4&lesson=03-dagbani-folktales-dagbani-salima-salimbu,raw_text_line,,,,,,,,,,,,,16.0,Bahigu => End,,,,,,,,
https://learndagbani.org/courses/learn-dagbanli/?unit=unit-4&lesson=03-dagbani-folktales-dagbani-salima-salimbu,raw_text_line,,,,,,,,,,,,,17.0,"Sample Folktale: ""Kunduŋ Lɛbi Piɛɣu"" by Adam S. Yidana",,,,,,,,
https://learndagbani.org/courses/learn-dagbanli/?unit=unit-4&lesson=03-dagbani-folktales-dagbani-salima-salimbu,raw_text_line,,,,,,,,,,,,,18.0,"Di daa yaa niŋla lala ka niŋ lala, ka Kunduŋ daa be m-bɔri ni o gbahi piɛri ŋubi...",,,,,,,,
https://learndagbani.org/courses/learn-dagbanli/?unit=unit-4&lesson=03-dagbani-folktales-dagbani-salima-salimbu,raw_text_line,,,,,,,,,,,,,20.0,[Full story text in Dagbani],,,,,,,,
https://learndagbani.org/courses/learn-dagbanli/?unit=unit-4&lesson=03-dagbani-folktales-dagbani-salima-salimbu,raw_text_line,,,,,,,,,,,,,22.0,"...Dinzuɣu, a kpee yi tɛhiri a din be nyin miri ka a yɛli ni a ni bohi o biɛri. Tiɛhimi o tiɛhi suma, ka lihimi Naawuni. O tiɛhi biɛri maa ni ti lahi ŋmaligi n-di o",,,,,,,,
https://learndagbani.org/courses/learn-dagbanli/?unit=unit-4&lesson=03-dagbani-folktales-dagbani-salima-salimbu,raw_text_line,,,,,,,,,,,,,23.0,"Key Words from ""Kunduŋ Lɛbi Piɛɣu""",,,,,,,,
https://learndagbani.org/courses/learn-dagbanli/?unit=unit-4&lesson=03-dagbani-folktales-dagbani-salima-salimbu,raw_text_line,,,,,,,,,,,,,24.0,Dagbani English,,,,,,,,
https://learndagbani.org/courses/learn-dagbanli/?unit=unit-4&lesson=03-dagbani-folktales-dagbani-salima-salimbu,raw_text_line,,,,,,,,,,,,,25.0,Kunduŋ Hyena,,,,,,,,
https://learndagbani.org/courses/learn-dagbanli/?unit=unit-4&lesson=03-dagbani-folktales-dagbani-salima-salimbu,raw_text_line,,,,,,,,,,,,,26.0,Piɛɣu Sheep,,,,,,,,
https://learndagbani.org/courses/learn-dagbanli/?unit=unit-4&lesson=03-dagbani-folktales-dagbani-salima-salimbu,raw_text_line,,,,,,,,,,,,,27.0,Napɔɣu sheep pen,,,,,,,,
https://learndagbani.org/courses/learn-dagbanli/?unit=unit-4&lesson=03-dagbani-folktales-dagbani-salima-salimbu,raw_text_line,,,,,,,,,,,,,28.0,Piɛgula shepherd,,,,,,,,
https://learndagbani.org/courses/learn-dagbanli/?unit=unit-4&lesson=03-dagbani-folktales-dagbani-salima-salimbu,raw_text_line,,,,,,,,,,,,,29.0,Chɛfirinima Idol worshippers,,,,,,,,
https://learndagbani.org/courses/learn-dagbanli/?unit=unit-4&lesson=03-dagbani-folktales-dagbani-salima-salimbu,raw_text_line,,,,,,,,,,,,,30.0,Buɣili Idol,,,,,,,,
https://learndagbani.org/courses/learn-dagbanli/?unit=unit-4&lesson=03-dagbani-folktales-dagbani-salima-salimbu,raw_text_line,,,,,,,,,,,,,31.0,Buɣili malibu Pacifying idols,,,,,,,,
https://learndagbani.org/courses/learn-dagbanli/?unit=unit-4&lesson=03-dagbani-folktales-dagbani-salima-salimbu,raw_text_line,,,,,,,,,,,,,32.0,Buɣugɔrigu Shrine,,,,,,,,
https://learndagbani.org/courses/learn-dagbanli/?unit=unit-4&lesson=03-dagbani-folktales-dagbani-salima-salimbu,raw_text_line,,,,,,,,,,,,,33.0,Tilsi Pestles,,,,,,,,
https://learndagbani.org/courses/learn-dagbanli/?unit=unit-4&lesson=03-dagbani-folktales-dagbani-salima-salimbu,raw_text_line,,,,,,,,,,,,,34.0,Tɛhi biɛri Evil intentions,,,,,,,,
https://learndagbani.org/courses/learn-dagbanli/?unit=unit-4&lesson=03-dagbani-folktales-dagbani-salima-salimbu,raw_text_line,,,,,,,,,,,,,35.0,Biɛri bohibu Revenge,,,,,,,,
https://learndagbani.org/courses/learn-dagbanli/?unit=unit-4&lesson=03-dagbani-folktales-dagbani-salima-salimbu,raw_text_line,,,,,,,,,,,,,36.0,Moral Lessons,,,,,,,,
https://learndagbani.org/courses/learn-dagbanli/?unit=unit-4&lesson=03-dagbani-folktales-dagbani-salima-salimbu,raw_text_line,,,,,,,,,,,,,37.0,The story emphasizes the need to avoid having evil intentions against others; the evil you plot against others would come back to you.,,,,,,,,
https://learndagbani.org/courses/learn-dagbanli/?unit=unit-4&lesson=03-dagbani-folktales-dagbani-salima-salimbu,raw_text_line,,,,,,,,,,,,,38.0,Importance of Dagbani Folktales,,,,,,,,
https://learndagbani.org/courses/learn-dagbanli/?unit=unit-4&lesson=03-dagbani-folktales-dagbani-salima-salimbu,raw_text_line,,,,,,,,,,,,,39.0,Promotes our culture,,,,,,,,
https://learndagbani.org/courses/learn-dagbanli/?unit=unit-4&lesson=03-dagbani-folktales-dagbani-salima-salimbu,raw_text_line,,,,,,,,,,,,,40.0,Teaches moral lessons,,,,,,,,
https://learndagbani.org/courses/learn-dagbanli/?unit=unit-4&lesson=03-dagbani-folktales-dagbani-salima-salimbu,raw_text_line,,,,,,,,,,,,,41.0,Entertains us,,,,,,,,
https://learndagbani.org/courses/learn-dagbanli/?unit=unit-4&lesson=03-dagbani-folktales-dagbani-salima-salimbu,raw_text_line,,,,,,,,,,,,,42.0,Helps in developing oral skills,,,,,,,,
https://learndagbani.org/courses/learn-dagbanli/?unit=unit-4&lesson=03-dagbani-folktales-dagbani-salima-salimbu,raw_text_line,,,,,,,,,,,,,43.0,Lesson By: Musah Fuseini,,,,,,,,
https://learndagbani.org/courses/learn-dagbanli/?unit=unit-4&lesson=04-telling-time-in-dagbani-dagbani-saha-wuhibu,table_row,,,,,,,,,,,Asiba,Morning,,,,,,,,,,
https://learndagbani.org/courses/learn-dagbanli/?unit=unit-4&lesson=04-telling-time-in-dagbani-dagbani-saha-wuhibu,table_row,,,,,,,,,,,Agbaa,Mid-day,,,,,,,,,,
https://learndagbani.org/courses/learn-dagbanli/?unit=unit-4&lesson=04-telling-time-in-dagbani-dagbani-saha-wuhibu,table_row,,,,,,,,,,,Wuntaŋ ni,Afternoon,,,,,,,,,,
https://learndagbani.org/courses/learn-dagbanli/?unit=unit-4&lesson=04-telling-time-in-dagbani-dagbani-saha-wuhibu,table_row,,,,,,,,,,,Zaawuni,Evening,,,,,,,,,,
https://learndagbani.org/courses/learn-dagbanli/?unit=unit-4&lesson=04-telling-time-in-dagbani-dagbani-saha-wuhibu,table_row,,,,,,,,,,,Yuŋ,Night,,,,,,,,,,
https://learndagbani.org/courses/learn-dagbanli/?unit=unit-4&lesson=04-telling-time-in-dagbani-dagbani-saha-wuhibu,table_row,,,,,,,,,,,Yuŋtisuɣu,Midnight,,,,,,,,,,
https://learndagbani.org/courses/learn-dagbanli/?unit=unit-4&lesson=04-telling-time-in-dagbani-dagbani-saha-wuhibu,table_row,,,,,,,,,,,Atani,Monday,,,,,,,,,,
https://learndagbani.org/courses/learn-dagbanli/?unit=unit-4&lesson=04-telling-time-in-dagbani-dagbani-saha-wuhibu,table_row,,,,,,,,,,,Atalaata,Tuesday,,,,,,,,,,
https://learndagbani.org/courses/learn-dagbanli/?unit=unit-4&lesson=04-telling-time-in-dagbani-dagbani-saha-wuhibu,table_row,,,,,,,,,,,Alaaba,Wednesday,,,,,,,,,,
https://learndagbani.org/courses/learn-dagbanli/?unit=unit-4&lesson=04-telling-time-in-dagbani-dagbani-saha-wuhibu,table_row,,,,,,,,,,,Alaamishi,Thursday,,,,,,,,,,
https://learndagbani.org/courses/learn-dagbanli/?unit=unit-4&lesson=04-telling-time-in-dagbani-dagbani-saha-wuhibu,table_row,,,,,,,,,,,Alizumba,Friday,,,,,,,,,,
https://learndagbani.org/courses/learn-dagbanli/?unit=unit-4&lesson=04-telling-time-in-dagbani-dagbani-saha-wuhibu,table_row,,,,,,,,,,,Asibiri,Saturday,,,,,,,,,,
https://learndagbani.org/courses/learn-dagbanli/?unit=unit-4&lesson=04-telling-time-in-dagbani-dagbani-saha-wuhibu,table_row,,,,,,,,,,,Alahari,Sunday,,,,,,,,,,
https://learndagbani.org/courses/learn-dagbanli/?unit=unit-4&lesson=04-telling-time-in-dagbani-dagbani-saha-wuhibu,raw_text_line,,,,,,,,,,,,,0.0,Learn Dagbanli (Dagbanli Bↄhimbu),,,,,,,,
https://learndagbani.org/courses/learn-dagbanli/?unit=unit-4&lesson=04-telling-time-in-dagbani-dagbani-saha-wuhibu,raw_text_line,,,,,,,,,,,,,1.0,Telling Time in Dagbani (Dagbani Saha Wuhibu),,,,,,,,
https://learndagbani.org/courses/learn-dagbanli/?unit=unit-4&lesson=04-telling-time-in-dagbani-dagbani-saha-wuhibu,raw_text_line,,,,,,,,,,,,,2.0,Mark Complete,,,,,,,,
https://learndagbani.org/courses/learn-dagbanli/?unit=unit-4&lesson=04-telling-time-in-dagbani-dagbani-saha-wuhibu,raw_text_line,,,,,,,,,,,,,3.0,Times of the Day,,,,,,,,
https://learndagbani.org/courses/learn-dagbanli/?unit=unit-4&lesson=04-telling-time-in-dagbani-dagbani-saha-wuhibu,raw_text_line,,,,,,,,,,,,,4.0,Dagbani English,,,,,,,,
https://learndagbani.org/courses/learn-dagbanli/?unit=unit-4&lesson=04-telling-time-in-dagbani-dagbani-saha-wuhibu,raw_text_line,,,,,,,,,,,,,5.0,Asiba Morning,,,,,,,,
https://learndagbani.org/courses/learn-dagbanli/?unit=unit-4&lesson=04-telling-time-in-dagbani-dagbani-saha-wuhibu,raw_text_line,,,,,,,,,,,,,6.0,Agbaa Mid-day,,,,,,,,
https://learndagbani.org/courses/learn-dagbanli/?unit=unit-4&lesson=04-telling-time-in-dagbani-dagbani-saha-wuhibu,raw_text_line,,,,,,,,,,,,,7.0,Wuntaŋ ni Afternoon,,,,,,,,
https://learndagbani.org/courses/learn-dagbanli/?unit=unit-4&lesson=04-telling-time-in-dagbani-dagbani-saha-wuhibu,raw_text_line,,,,,,,,,,,,,8.0,Zaawuni Evening,,,,,,,,
https://learndagbani.org/courses/learn-dagbanli/?unit=unit-4&lesson=04-telling-time-in-dagbani-dagbani-saha-wuhibu,raw_text_line,,,,,,,,,,,,,9.0,Yuŋ Night,,,,,,,,
https://learndagbani.org/courses/learn-dagbanli/?unit=unit-4&lesson=04-telling-time-in-dagbani-dagbani-saha-wuhibu,raw_text_line,,,,,,,,,,,,,10.0,Yuŋtisuɣu Midnight,,,,,,,,
https://learndagbani.org/courses/learn-dagbanli/?unit=unit-4&lesson=04-telling-time-in-dagbani-dagbani-saha-wuhibu,raw_text_line,,,,,,,,,,,,,11.0,Days of the Week,,,,,,,,
https://learndagbani.org/courses/learn-dagbanli/?unit=unit-4&lesson=04-telling-time-in-dagbani-dagbani-saha-wuhibu,raw_text_line,,,,,,,,,,,,,12.0,Dagbani English,,,,,,,,
https://learndagbani.org/courses/learn-dagbanli/?unit=unit-4&lesson=04-telling-time-in-dagbani-dagbani-saha-wuhibu,raw_text_line,,,,,,,,,,,,,13.0,Atani Monday,,,,,,,,
https://learndagbani.org/courses/learn-dagbanli/?unit=unit-4&lesson=04-telling-time-in-dagbani-dagbani-saha-wuhibu,raw_text_line,,,,,,,,,,,,,14.0,Atalaata Tuesday,,,,,,,,
https://learndagbani.org/courses/learn-dagbanli/?unit=unit-4&lesson=04-telling-time-in-dagbani-dagbani-saha-wuhibu,raw_text_line,,,,,,,,,,,,,15.0,Alaaba Wednesday,,,,,,,,
https://learndagbani.org/courses/learn-dagbanli/?unit=unit-4&lesson=04-telling-time-in-dagbani-dagbani-saha-wuhibu,raw_text_line,,,,,,,,,,,,,16.0,Alaamishi Thursday,,,,,,,,
https://learndagbani.org/courses/learn-dagbanli/?unit=unit-4&lesson=04-telling-time-in-dagbani-dagbani-saha-wuhibu,raw_text_line,,,,,,,,,,,,,17.0,Alizumba Friday,,,,,,,,
https://learndagbani.org/courses/learn-dagbanli/?unit=unit-4&lesson=04-telling-time-in-dagbani-dagbani-saha-wuhibu,raw_text_line,,,,,,,,,,,,,18.0,Asibiri Saturday,,,,,,,,
https://learndagbani.org/courses/learn-dagbanli/?unit=unit-4&lesson=04-telling-time-in-dagbani-dagbani-saha-wuhibu,raw_text_line,,,,,,,,,,,,,19.0,Alahari Sunday,,,,,,,,
https://learndagbani.org/courses/learn-dagbanli/?unit=unit-4&lesson=04-telling-time-in-dagbani-dagbani-saha-wuhibu,raw_text_line,,,,,,,,,,,,,20.0,Months of the Year in Dagbani,,,,,,,,
https://learndagbani.org/courses/learn-dagbanli/?unit=unit-4&lesson=04-telling-time-in-dagbani-dagbani-saha-wuhibu,raw_text_line,,,,,,,,,,,,,21.0,Buɣum,,,,,,,,
https://learndagbani.org/courses/learn-dagbanli/?unit=unit-4&lesson=04-telling-time-in-dagbani-dagbani-saha-wuhibu,raw_text_line,,,,,,,,,,,,,22.0,Damba Bilaa,,,,,,,,
https://learndagbani.org/courses/learn-dagbanli/?unit=unit-4&lesson=04-telling-time-in-dagbani-dagbani-saha-wuhibu,raw_text_line,,,,,,,,,,,,,23.0,Damba,,,,,,,,
https://learndagbani.org/courses/learn-dagbanli/?unit=unit-4&lesson=04-telling-time-in-dagbani-dagbani-saha-wuhibu,raw_text_line,,,,,,,,,,,,,24.0,Gaambanda,,,,,,,,
https://learndagbani.org/courses/learn-dagbanli/?unit=unit-4&lesson=04-telling-time-in-dagbani-dagbani-saha-wuhibu,raw_text_line,,,,,,,,,,,,,25.0,Bandacheena,,,,,,,,
https://learndagbani.org/courses/learn-dagbanli/?unit=unit-4&lesson=04-telling-time-in-dagbani-dagbani-saha-wuhibu,raw_text_line,,,,,,,,,,,,,26.0,Kpini Bilaa,,,,,,,,
https://learndagbani.org/courses/learn-dagbanli/?unit=unit-4&lesson=04-telling-time-in-dagbani-dagbani-saha-wuhibu,raw_text_line,,,,,,,,,,,,,27.0,Kpini,,,,,,,,
https://learndagbani.org/courses/learn-dagbanli/?unit=unit-4&lesson=04-telling-time-in-dagbani-dagbani-saha-wuhibu,raw_text_line,,,,,,,,,,,,,28.0,Nolori Bilaa,,,,,,,,
https://learndagbani.org/courses/learn-dagbanli/?unit=unit-4&lesson=04-telling-time-in-dagbani-dagbani-saha-wuhibu,raw_text_line,,,,,,,,,,,,,29.0,Nolori,,,,,,,,
https://learndagbani.org/courses/learn-dagbanli/?unit=unit-4&lesson=04-telling-time-in-dagbani-dagbani-saha-wuhibu,raw_text_line,,,,,,,,,,,,,30.0,Konyuri Chuɣu,,,,,,,,
https://learndagbani.org/courses/learn-dagbanli/?unit=unit-4&lesson=04-telling-time-in-dagbani-dagbani-saha-wuhibu,raw_text_line,,,,,,,,,,,,,31.0,Chimsi Bilaa,,,,,,,,
https://learndagbani.org/courses/learn-dagbanli/?unit=unit-4&lesson=04-telling-time-in-dagbani-dagbani-saha-wuhibu,raw_text_line,,,,,,,,,,,,,32.0,Chimsi,,,,,,,,
https://learndagbani.org/courses/learn-dagbanli/?unit=unit-4&lesson=04-telling-time-in-dagbani-dagbani-saha-wuhibu,raw_text_line,,,,,,,,,,,,,33.0,Lesson By: Musah Fuseini,,,,,,,,
